{"level":"info","message":"User Service connected to MongoDB","service":"user-service","timestamp":"2026-03-21T20:01:10.239Z"}
{"code":"ECONNREFUSED","level":"error","message":"RabbitMQ connection error:","service":"user-service","stack":"AggregateError [ECONNREFUSED]: \n    at internalConnectMultiple (node:net:1193:18)\n    at afterConnectMultiple (node:net:1783:7)","timestamp":"2026-03-21T20:01:10.249Z"}
{"level":"info","message":"User Service running on port 3001","service":"user-service","timestamp":"2026-03-21T20:01:10.253Z"}
{"level":"info","message":"User Service connected to MongoDB","service":"user-service","timestamp":"2026-03-21T20:19:48.236Z"}
{"code":"ECONNREFUSED","level":"error","message":"RabbitMQ connection error:","service":"user-service","stack":"AggregateError [ECONNREFUSED]: \n    at internalConnectMultiple (node:net:1193:18)\n    at afterConnectMultiple (node:net:1783:7)","timestamp":"2026-03-21T20:19:48.245Z"}
{"level":"info","message":"User Service running on port 3001","service":"user-service","timestamp":"2026-03-21T20:19:48.249Z"}
{"level":"info","message":"User Service connected to MongoDB","service":"user-service","timestamp":"2026-03-21T20:20:09.040Z"}
{"code":"ECONNREFUSED","level":"error","message":"RabbitMQ connection error:","service":"user-service","stack":"AggregateError [ECONNREFUSED]: \n    at internalConnectMultiple (node:net:1193:18)\n    at afterConnectMultiple (node:net:1783:7)","timestamp":"2026-03-21T20:20:09.049Z"}
{"level":"info","message":"User Service running on port 3001","service":"user-service","timestamp":"2026-03-21T20:20:09.051Z"}
{"level":"info","message":"User logged in: patient1@demo.com","service":"user-service","timestamp":"2026-03-21T20:21:07.155Z"}
{"level":"info","message":"User Service connected to MongoDB","service":"user-service","timestamp":"2026-03-21T20:23:32.211Z"}
{"code":"ECONNREFUSED","level":"error","message":"RabbitMQ connection error:","service":"user-service","stack":"AggregateError [ECONNREFUSED]: \n    at internalConnectMultiple (node:net:1193:18)\n    at afterConnectMultiple (node:net:1783:7)","timestamp":"2026-03-21T20:23:32.221Z"}
{"level":"info","message":"User logged in: patient1@demo.com","service":"user-service","timestamp":"2026-03-21T20:24:35.878Z"}
{"level":"info","message":"User Service connected to MongoDB","service":"user-service","timestamp":"2026-03-21T20:30:09.900Z"}
{"code":"ECONNREFUSED","level":"error","message":"RabbitMQ connection error:","service":"user-service","stack":"AggregateError [ECONNREFUSED]: \n    at internalConnectMultiple (node:net:1193:18)\n    at afterConnectMultiple (node:net:1783:7)","timestamp":"2026-03-21T20:30:09.920Z"}
{"level":"info","message":"User Service running on port 3001","service":"user-service","timestamp":"2026-03-21T20:30:09.924Z"}
{"level":"info","message":"User Service connected to MongoDB","service":"user-service","timestamp":"2026-03-24T14:17:57.435Z"}
{"code":"ECONNREFUSED","level":"error","message":"RabbitMQ connection error:","service":"user-service","stack":"AggregateError [ECONNREFUSED]: \n    at internalConnectMultiple (node:net:1193:18)\n    at afterConnectMultiple (node:net:1783:7)","timestamp":"2026-03-24T14:17:57.451Z"}
{"level":"info","message":"User Service running on port 3001","service":"user-service","timestamp":"2026-03-24T14:17:57.457Z"}
{"level":"info","message":"User logged in: dr.kumar@demo.com","service":"user-service","timestamp":"2026-03-24T14:35:22.752Z"}
{"level":"info","message":"User logged in: patient1@demo.com","service":"user-service","timestamp":"2026-03-24T14:37:19.539Z"}
{"level":"info","message":"User logged in: dr.kumar@demo.com","service":"user-service","timestamp":"2026-03-24T14:39:24.483Z"}
{"level":"info","message":"User logged in: patient1@demo.com","service":"user-service","timestamp":"2026-03-24T14:39:50.751Z"}
{"level":"info","message":"User logged in: dr.kumar@demo.com","service":"user-service","timestamp":"2026-03-24T14:42:23.903Z"}
{"level":"info","message":"User logged in: patient1@demo.com","service":"user-service","timestamp":"2026-03-24T14:42:54.119Z"}
{"level":"info","message":"User logged in: patient1@demo.com","service":"user-service","timestamp":"2026-03-24T15:34:39.988Z"}
{"level":"info","message":"User logged in: patient1@demo.com","service":"user-service","timestamp":"2026-03-24T15:53:15.946Z"}
{"level":"info","message":"User logged in: dr.kumar@demo.com","service":"user-service","timestamp":"2026-03-24T15:55:30.618Z"}
{"level":"info","message":"User logged in: dr.singh@demo.com","service":"user-service","timestamp":"2026-03-24T15:56:21.839Z"}
{"level":"info","message":"User logged in: patient1@demo.com","service":"user-service","timestamp":"2026-03-24T15:57:56.927Z"}
{"level":"info","message":"User logged in: patient1@demo.com","service":"user-service","timestamp":"2026-03-24T16:22:30.561Z"}
{"level":"info","message":"User logged in: patient1@demo.com","service":"user-service","timestamp":"2026-03-24T16:25:26.261Z"}
{"level":"info","message":"User logged in: dr.kumar@demo.com","service":"user-service","timestamp":"2026-03-24T16:26:40.215Z"}
{"level":"info","message":"User logged in: dr.das@demo.com","service":"user-service","timestamp":"2026-03-24T16:27:00.416Z"}
{"level":"info","message":"User logged in: patient1@demo.com","service":"user-service","timestamp":"2026-03-24T16:28:13.450Z"}
{"level":"info","message":"User logged in: patient2@demo.com","service":"user-service","timestamp":"2026-03-24T16:35:21.299Z"}
{"level":"info","message":"User logged in: dr.kumar@demo.com","service":"user-service","timestamp":"2026-03-24T16:35:59.662Z"}
{"level":"info","message":"User logged in: dr.das@demo.com","service":"user-service","timestamp":"2026-03-24T16:39:57.902Z"}
{"level":"info","message":"User registered: soumikju2004@gmail.com","service":"user-service","timestamp":"2026-03-24T16:40:25.569Z"}
{"level":"info","message":"User logged in: patient1@demo.com","service":"user-service","timestamp":"2026-03-24T16:42:48.284Z"}
{"level":"info","message":"User logged in: patient1@demo.com","service":"user-service","timestamp":"2026-03-24T17:25:42.175Z"}
{"level":"info","message":"User logged in: dr.reddy@demo.com","service":"user-service","timestamp":"2026-03-24T17:30:48.534Z"}
{"level":"info","message":"User Service connected to MongoDB","service":"user-service","timestamp":"2026-03-24T18:38:30.404Z"}
{"code":"ECONNREFUSED","level":"error","message":"RabbitMQ connection error:","service":"user-service","stack":"AggregateError [ECONNREFUSED]: \n    at internalConnectMultiple (node:net:1193:18)\n    at afterConnectMultiple (node:net:1783:7)","timestamp":"2026-03-24T18:38:30.417Z"}
{"level":"info","message":"User Service running on port 3001","service":"user-service","timestamp":"2026-03-24T18:38:30.423Z"}
{"level":"info","message":"User Service connected to MongoDB","service":"user-service","timestamp":"2026-03-25T07:07:04.247Z"}
{"code":"ECONNREFUSED","level":"error","message":"RabbitMQ connection error:","service":"user-service","stack":"AggregateError [ECONNREFUSED]: \n    at internalConnectMultiple (node:net:1193:18)\n    at afterConnectMultiple (node:net:1783:7)","timestamp":"2026-03-25T07:07:04.256Z"}
{"level":"info","message":"User Service running on port 3001","service":"user-service","timestamp":"2026-03-25T07:07:04.260Z"}
{"level":"info","message":"User Service connected to MongoDB","service":"user-service","timestamp":"2026-03-25T07:15:08.604Z"}
{"level":"info","message":"User Service connected to RabbitMQ","service":"user-service","timestamp":"2026-03-25T07:15:08.962Z"}
{"level":"info","message":"User Service running on port 3001","service":"user-service","timestamp":"2026-03-25T07:15:08.965Z"}
{"level":"info","message":"Message published to user_events with key user.login","service":"user-service","timestamp":"2026-03-25T07:35:02.691Z"}
{"level":"info","message":"User logged in: dr.kumar@demo.com","service":"user-service","timestamp":"2026-03-25T07:35:02.691Z"}
{"level":"info","message":"Message published to user_events with key user.login","service":"user-service","timestamp":"2026-03-25T07:35:52.632Z"}
{"level":"info","message":"User logged in: patient2@demo.com","service":"user-service","timestamp":"2026-03-25T07:35:52.632Z"}
{"level":"info","message":"Message published to user_events with key user.login","service":"user-service","timestamp":"2026-03-25T07:36:27.174Z"}
{"level":"info","message":"User logged in: dr.kumar@demo.com","service":"user-service","timestamp":"2026-03-25T07:36:27.174Z"}
{"level":"info","message":"Message published to user_events with key user.login","service":"user-service","timestamp":"2026-03-25T07:36:48.353Z"}
{"level":"info","message":"User logged in: patient2@demo.com","service":"user-service","timestamp":"2026-03-25T07:36:48.353Z"}
{"level":"info","message":"Message published to user_events with key user.login","service":"user-service","timestamp":"2026-03-25T07:37:05.306Z"}
{"level":"info","message":"User logged in: patient1@demo.com","service":"user-service","timestamp":"2026-03-25T07:37:05.306Z"}
{"level":"info","message":"Message published to user_events with key user.login","service":"user-service","timestamp":"2026-03-25T07:58:43.300Z"}
{"level":"info","message":"User logged in: patient2@demo.com","service":"user-service","timestamp":"2026-03-25T07:58:43.301Z"}
{"level":"info","message":"Message published to user_events with key user.login","service":"user-service","timestamp":"2026-03-25T08:02:36.766Z"}
{"level":"info","message":"User logged in: dr.gupta@demo.com","service":"user-service","timestamp":"2026-03-25T08:02:36.766Z"}
{"level":"info","message":"User Service connected to MongoDB","service":"user-service","timestamp":"2026-03-25T08:09:48.921Z"}
{"level":"info","message":"User Service connected to RabbitMQ","service":"user-service","timestamp":"2026-03-25T08:09:50.926Z"}
{"level":"info","message":"User Service running on port 3001","service":"user-service","timestamp":"2026-03-25T08:09:50.930Z"}
{"level":"info","message":"User Service connected to MongoDB","service":"user-service","timestamp":"2026-03-25T09:06:25.523Z"}
{"code":"ENOTFOUND","errno":-3008,"hostname":"puffin.rmq2.cloudamqp.com","level":"error","message":"RabbitMQ connection error: getaddrinfo ENOTFOUND puffin.rmq2.cloudamqp.com","service":"user-service","stack":"Error: getaddrinfo ENOTFOUND puffin.rmq2.cloudamqp.com\n    at GetAddrInfoReqWrap.onlookupall [as oncomplete] (node:dns:121:26)","syscall":"getaddrinfo","timestamp":"2026-03-25T09:06:25.534Z"}
{"level":"info","message":"User Service running on port 3001","service":"user-service","timestamp":"2026-03-25T09:06:25.538Z"}
{"level":"info","message":"User Service connected to MongoDB","service":"user-service","timestamp":"2026-03-25T09:09:36.974Z"}
{"level":"info","message":"User Service connected to RabbitMQ","service":"user-service","timestamp":"2026-03-25T09:09:39.302Z"}
{"level":"info","message":"User Service running on port 3001","service":"user-service","timestamp":"2026-03-25T09:09:39.307Z"}
{"code":"ECONNRESET","errno":-4077,"level":"error","message":"RabbitMQ connection error: read ECONNRESET","service":"user-service","stack":"Error: read ECONNRESET\n    at TLSWrap.onStreamRead (node:internal/stream_base_commons:216:20)","syscall":"read","timestamp":"2026-03-25T09:28:24.051Z"}
{"level":"warn","message":"RabbitMQ connection closed. Reconnecting...","service":"user-service","timestamp":"2026-03-25T09:28:24.055Z"}
{"code":"ENOTFOUND","errno":-3008,"hostname":"puffin.rmq2.cloudamqp.com","level":"error","message":"RabbitMQ connection error: getaddrinfo ENOTFOUND puffin.rmq2.cloudamqp.com","service":"user-service","stack":"Error: getaddrinfo ENOTFOUND puffin.rmq2.cloudamqp.com\n    at GetAddrInfoReqWrap.onlookupall [as oncomplete] (node:dns:121:26)","syscall":"getaddrinfo","timestamp":"2026-03-25T09:28:41.112Z"}
{"level":"info","message":"User Service connected to MongoDB","service":"user-service","timestamp":"2026-03-25T09:37:37.691Z"}
{"level":"info","message":"User Service connected to MongoDB","service":"user-service","timestamp":"2026-03-25T16:43:56.607Z"}
{"level":"info","message":"User Service connected to RabbitMQ","service":"user-service","timestamp":"2026-03-25T16:43:57.097Z"}
{"level":"info","message":"User Service running on port 3001","service":"user-service","timestamp":"2026-03-25T16:43:57.101Z"}
{"level":"info","message":"User Service connected to MongoDB","service":"user-service","timestamp":"2026-03-25T17:00:53.877Z"}
{"level":"info","message":"User Service connected to RabbitMQ","service":"user-service","timestamp":"2026-03-25T17:00:54.121Z"}
{"level":"info","message":"User Service running on port 3001","service":"user-service","timestamp":"2026-03-25T17:00:54.124Z"}
{"level":"info","message":"User logged in via Google: soumikju2004@gmail.com","service":"user-service","timestamp":"2026-03-25T17:01:37.637Z"}
{"level":"info","message":"Message published to user_events with key user.login","service":"user-service","timestamp":"2026-03-25T17:32:36.343Z"}
{"level":"info","message":"User logged in: patient1@demo.com","service":"user-service","timestamp":"2026-03-25T17:32:36.344Z"}
{"level":"info","message":"Message published to user_events with key user.login","service":"user-service","timestamp":"2026-03-25T17:34:16.001Z"}
{"level":"info","message":"User logged in: patient1@demo.com","service":"user-service","timestamp":"2026-03-25T17:34:16.002Z"}
{"level":"info","message":"User logged in via Google: soumikju2004@gmail.com","service":"user-service","timestamp":"2026-03-25T17:35:03.215Z"}
{"level":"info","message":"User Service connected to MongoDB","service":"user-service","timestamp":"2026-03-25T18:09:50.576Z"}
{"level":"info","message":"User Service connected to RabbitMQ","service":"user-service","timestamp":"2026-03-25T18:09:50.993Z"}
{"level":"info","message":"User Service running on port 3001","service":"user-service","timestamp":"2026-03-25T18:09:50.996Z"}
{"level":"info","message":"User Service connected to MongoDB","service":"user-service","timestamp":"2026-03-28T07:57:06.459Z"}
{"level":"info","message":"User Service connected to RabbitMQ","service":"user-service","timestamp":"2026-03-28T07:57:06.785Z"}
{"level":"info","message":"User Service running on port 3001","service":"user-service","timestamp":"2026-03-28T07:57:06.789Z"}
{"level":"info","message":"User logged in via Google: soumikju2004@gmail.com","service":"user-service","timestamp":"2026-03-28T07:59:08.613Z"}
{"level":"info","message":"Message published to user_events with key user.login","service":"user-service","timestamp":"2026-03-28T08:12:12.187Z"}
{"level":"info","message":"User logged in: dr.gupta@demo.com","service":"user-service","timestamp":"2026-03-28T08:12:12.188Z"}
{"level":"info","message":"Message published to user_events with key user.login","service":"user-service","timestamp":"2026-03-28T08:30:24.565Z"}
{"level":"info","message":"User logged in: patient1@demo.com","service":"user-service","timestamp":"2026-03-28T08:30:24.566Z"}
{"code":"ECONNRESET","errno":-4077,"level":"error","message":"RabbitMQ connection error: read ECONNRESET","service":"user-service","stack":"Error: read ECONNRESET\n    at TLSWrap.onStreamRead (node:internal/stream_base_commons:216:20)","syscall":"read","timestamp":"2026-03-28T08:33:40.891Z"}
{"level":"warn","message":"RabbitMQ connection closed. Reconnecting...","service":"user-service","timestamp":"2026-03-28T08:33:40.950Z"}
{"code":"ECONNRESET","errno":-4077,"level":"error","message":"RabbitMQ connection error: read ECONNRESET","service":"user-service","stack":"Error: read ECONNRESET\n    at TLSWrap.onStreamRead (node:internal/stream_base_commons:216:20)","syscall":"read","timestamp":"2026-03-28T08:34:28.398Z"}
{"level":"info","message":"User Service connected to MongoDB","service":"user-service","timestamp":"2026-03-28T09:16:38.082Z"}
{"level":"info","message":"User Service connected to RabbitMQ","service":"user-service","timestamp":"2026-03-28T09:16:38.374Z"}
{"level":"info","message":"User Service running on port 3001","service":"user-service","timestamp":"2026-03-28T09:16:38.379Z"}
{"level":"info","message":"User Service connected to MongoDB","service":"user-service","timestamp":"2026-04-03T21:48:44.818Z"}
{"code":"ECONNREFUSED","level":"error","message":"RabbitMQ connection error:","service":"user-service","stack":"AggregateError [ECONNREFUSED]: \n    at internalConnectMultiple (node:net:1134:18)\n    at afterConnectMultiple (node:net:1715:7)","timestamp":"2026-04-03T21:48:44.873Z"}
{"level":"info","message":"User Service running on port 3001","service":"user-service","timestamp":"2026-04-03T21:48:44.893Z"}
{"level":"info","message":"User Service connected to MongoDB","service":"user-service","timestamp":"2026-04-03T21:59:24.732Z"}
{"level":"error","message":"RabbitMQ connection error: Handshake terminated by server: 403 (ACCESS-REFUSED) with message \"ACCESS_REFUSED - Login was refused using authentication mechanism PLAIN. For details see the broker logfile.\"","service":"user-service","stack":"Error: Handshake terminated by server: 403 (ACCESS-REFUSED) with message \"ACCESS_REFUSED - Login was refused using authentication mechanism PLAIN. For details see the broker logfile.\"\n    at afterStartOk (D:\\2nd Sem Full Stack and System Project\\Doc_Patient_Mgmt\\services\\user-service\\node_modules\\amqplib\\lib\\connection.js:169:16)\n    at D:\\2nd Sem Full Stack and System Project\\Doc_Patient_Mgmt\\services\\user-service\\node_modules\\amqplib\\lib\\connection.js:104:11\n    at Socket.recv (D:\\2nd Sem Full Stack and System Project\\Doc_Patient_Mgmt\\services\\user-service\\node_modules\\amqplib\\lib\\connection.js:453:9)\n    at Object.onceWrapper (node:events:633:28)\n    at Socket.emit (node:events:519:28)\n    at emitReadable_ (node:internal/streams/readable:834:12)\n    at process.processTicksAndRejections (node:internal/process/task_queues:88:21)","timestamp":"2026-04-03T21:59:25.756Z"}
{"level":"info","message":"User Service running on port 3001","service":"user-service","timestamp":"2026-04-03T21:59:25.763Z"}
{"level":"info","message":"User Service connected to MongoDB","service":"user-service","timestamp":"2026-04-03T22:07:10.164Z"}
{"level":"error","message":"RabbitMQ connection error: Handshake terminated by server: 403 (ACCESS-REFUSED) with message \"ACCESS_REFUSED - Login was refused using authentication mechanism PLAIN. For details see the broker logfile.\"","service":"user-service","stack":"Error: Handshake terminated by server: 403 (ACCESS-REFUSED) with message \"ACCESS_REFUSED - Login was refused using authentication mechanism PLAIN. For details see the broker logfile.\"\n    at afterStartOk (D:\\2nd Sem Full Stack and System Project\\Doc_Patient_Mgmt\\services\\user-service\\node_modules\\amqplib\\lib\\connection.js:169:16)\n    at D:\\2nd Sem Full Stack and System Project\\Doc_Patient_Mgmt\\services\\user-service\\node_modules\\amqplib\\lib\\connection.js:104:11\n    at Socket.recv (D:\\2nd Sem Full Stack and System Project\\Doc_Patient_Mgmt\\services\\user-service\\node_modules\\amqplib\\lib\\connection.js:453:9)\n    at Object.onceWrapper (node:events:633:28)\n    at Socket.emit (node:events:519:28)\n    at emitReadable_ (node:internal/streams/readable:834:12)\n    at process.processTicksAndRejections (node:internal/process/task_queues:88:21)","timestamp":"2026-04-03T22:07:10.366Z"}
{"level":"info","message":"User Service running on port 3001","service":"user-service","timestamp":"2026-04-03T22:07:10.380Z"}
{"level":"info","message":"User Service connected to MongoDB","service":"user-service","timestamp":"2026-04-03T22:09:14.155Z"}
{"level":"error","message":"RabbitMQ connection error: Handshake terminated by server: 403 (ACCESS-REFUSED) with message \"ACCESS_REFUSED - Login was refused using authentication mechanism PLAIN. For details see the broker logfile.\"","service":"user-service","stack":"Error: Handshake terminated by server: 403 (ACCESS-REFUSED) with message \"ACCESS_REFUSED - Login was refused using authentication mechanism PLAIN. For details see the broker logfile.\"\n    at afterStartOk (D:\\2nd Sem Full Stack and System Project\\Doc_Patient_Mgmt\\services\\user-service\\node_modules\\amqplib\\lib\\connection.js:169:16)\n    at D:\\2nd Sem Full Stack and System Project\\Doc_Patient_Mgmt\\services\\user-service\\node_modules\\amqplib\\lib\\connection.js:104:11\n    at Socket.recv (D:\\2nd Sem Full Stack and System Project\\Doc_Patient_Mgmt\\services\\user-service\\node_modules\\amqplib\\lib\\connection.js:453:9)\n    at Object.onceWrapper (node:events:633:28)\n    at Socket.emit (node:events:519:28)\n    at emitReadable_ (node:internal/streams/readable:834:12)\n    at process.processTicksAndRejections (node:internal/process/task_queues:88:21)","timestamp":"2026-04-03T22:09:14.289Z"}
{"level":"info","message":"User Service running on port 3001","service":"user-service","timestamp":"2026-04-03T22:09:14.302Z"}
{"code":13,"codeName":"Unauthorized","errorLabelSet":{},"errorResponse":{"code":13,"codeName":"Unauthorized","errmsg":"Command find requires authentication","ok":0},"level":"error","message":"Login error: Command find requires authentication","ok":0,"service":"user-service","stack":"MongoServerError: Command find requires authentication\n    at Connection.sendCommand (D:\\2nd Sem Full Stack and System Project\\Doc_Patient_Mgmt\\services\\user-service\\node_modules\\mongodb\\lib\\cmap\\connection.js:306:27)\n    at process.processTicksAndRejections (node:internal/process/task_queues:103:5)\n    at async Connection.command (D:\\2nd Sem Full Stack and System Project\\Doc_Patient_Mgmt\\services\\user-service\\node_modules\\mongodb\\lib\\cmap\\connection.js:334:26)\n    at async Server.command (D:\\2nd Sem Full Stack and System Project\\Doc_Patient_Mgmt\\services\\user-service\\node_modules\\mongodb\\lib\\sdam\\server.js:194:29)\n    at async tryOperation (D:\\2nd Sem Full Stack and System Project\\Doc_Patient_Mgmt\\services\\user-service\\node_modules\\mongodb\\lib\\operations\\execute_operation.js:213:32)\n    at async executeOperation (D:\\2nd Sem Full Stack and System Project\\Doc_Patient_Mgmt\\services\\user-service\\node_modules\\mongodb\\lib\\operations\\execute_operation.js:78:16)\n    at async FindCursor._initialize (D:\\2nd Sem Full Stack and System Project\\Doc_Patient_Mgmt\\services\\user-service\\node_modules\\mongodb\\lib\\cursor\\find_cursor.js:62:26)\n    at async FindCursor.cursorInit (D:\\2nd Sem Full Stack and System Project\\Doc_Patient_Mgmt\\services\\user-service\\node_modules\\mongodb\\lib\\cursor\\abstract_cursor.js:632:27)\n    at async FindCursor.fetchBatch (D:\\2nd Sem Full Stack and System Project\\Doc_Patient_Mgmt\\services\\user-service\\node_modules\\mongodb\\lib\\cursor\\abstract_cursor.js:666:13)\n    at async FindCursor.next (D:\\2nd Sem Full Stack and System Project\\Doc_Patient_Mgmt\\services\\user-service\\node_modules\\mongodb\\lib\\cursor\\abstract_cursor.js:342:17)","timestamp":"2026-04-03T22:11:24.751Z"}
{"cause":{"commonWireVersion":0,"compatible":true,"heartbeatFrequencyMS":10000,"localThresholdMS":15,"logicalSessionTimeoutMinutes":null,"maxElectionId":null,"maxSetVersion":null,"servers":{"localhost:27017":{"$clusterTime":null,"address":"localhost:27017","arbiters":[],"electionId":null,"error":{"beforeHandshake":false,"errorLabelSet":{}},"hosts":[],"iscryptd":false,"lastUpdateTime":483532500,"lastWriteDate":0,"logicalSessionTimeoutMinutes":null,"maxBsonObjectSize":null,"maxMessageSizeBytes":null,"maxWireVersion":0,"maxWriteBatchSize":null,"me":null,"minRoundTripTime":0,"minWireVersion":0,"passives":[],"primary":null,"roundTripTime":-1,"setName":null,"setVersion":null,"tags":{},"topologyVersion":null,"type":"Unknown"}},"setName":null,"stale":false,"type":"Unknown"},"errorLabelSet":{},"level":"error","message":"MongoDB connection error: connect ECONNREFUSED ::1:27017, connect ECONNREFUSED 127.0.0.1:27017","reason":{"commonWireVersion":0,"compatible":true,"heartbeatFrequencyMS":10000,"localThresholdMS":15,"logicalSessionTimeoutMinutes":null,"maxElectionId":null,"maxSetVersion":null,"servers":{"localhost:27017":{"$clusterTime":null,"address":"localhost:27017","arbiters":[],"electionId":null,"error":{"beforeHandshake":false,"errorLabelSet":{}},"hosts":[],"iscryptd":false,"lastUpdateTime":483532500,"lastWriteDate":0,"logicalSessionTimeoutMinutes":null,"maxBsonObjectSize":null,"maxMessageSizeBytes":null,"maxWireVersion":0,"maxWriteBatchSize":null,"me":null,"minRoundTripTime":0,"minWireVersion":0,"passives":[],"primary":null,"roundTripTime":-1,"setName":null,"setVersion":null,"tags":{},"topologyVersion":null,"type":"Unknown"}},"setName":null,"stale":false,"type":"Unknown"},"service":"user-service","stack":"MongooseServerSelectionError: connect ECONNREFUSED ::1:27017, connect ECONNREFUSED 127.0.0.1:27017\n    at _handleConnectionErrors (D:\\E\\2nd Sem Full Stack and System Project\\DocterConnect\\services\\user-service\\node_modules\\mongoose\\lib\\connection.js:1169:11)\n    at NativeConnection.openUri (D:\\E\\2nd Sem Full Stack and System Project\\DocterConnect\\services\\user-service\\node_modules\\mongoose\\lib\\connection.js:1100:11)\n    at async connectDB (D:\\E\\2nd Sem Full Stack and System Project\\DocterConnect\\services\\user-service\\src\\config\\database.js:7:5)\n    at async startServer (D:\\E\\2nd Sem Full Stack and System Project\\DocterConnect\\services\\user-service\\src\\server.js:37:5)","timestamp":"2026-07-20T18:12:30.779Z"}
{"cause":{"commonWireVersion":0,"compatible":true,"heartbeatFrequencyMS":10000,"localThresholdMS":15,"logicalSessionTimeoutMinutes":null,"maxElectionId":null,"maxSetVersion":null,"servers":{"localhost:27017":{"$clusterTime":null,"address":"localhost:27017","arbiters":[],"electionId":null,"error":{"beforeHandshake":false,"errorLabelSet":{}},"hosts":[],"iscryptd":false,"lastUpdateTime":484989750,"lastWriteDate":0,"logicalSessionTimeoutMinutes":null,"maxBsonObjectSize":null,"maxMessageSizeBytes":null,"maxWireVersion":0,"maxWriteBatchSize":null,"me":null,"minRoundTripTime":0,"minWireVersion":0,"passives":[],"primary":null,"roundTripTime":-1,"setName":null,"setVersion":null,"tags":{},"topologyVersion":null,"type":"Unknown"}},"setName":null,"stale":false,"type":"Unknown"},"errorLabelSet":{},"level":"error","message":"MongoDB connection error: connect ECONNREFUSED ::1:27017, connect ECONNREFUSED 127.0.0.1:27017","reason":{"commonWireVersion":0,"compatible":true,"heartbeatFrequencyMS":10000,"localThresholdMS":15,"logicalSessionTimeoutMinutes":null,"maxElectionId":null,"maxSetVersion":null,"servers":{"localhost:27017":{"$clusterTime":null,"address":"localhost:27017","arbiters":[],"electionId":null,"error":{"beforeHandshake":false,"errorLabelSet":{}},"hosts":[],"iscryptd":false,"lastUpdateTime":484989750,"lastWriteDate":0,"logicalSessionTimeoutMinutes":null,"maxBsonObjectSize":null,"maxMessageSizeBytes":null,"maxWireVersion":0,"maxWriteBatchSize":null,"me":null,"minRoundTripTime":0,"minWireVersion":0,"passives":[],"primary":null,"roundTripTime":-1,"setName":null,"setVersion":null,"tags":{},"topologyVersion":null,"type":"Unknown"}},"setName":null,"stale":false,"type":"Unknown"},"service":"user-service","stack":"MongooseServerSelectionError: connect ECONNREFUSED ::1:27017, connect ECONNREFUSED 127.0.0.1:27017\n    at _handleConnectionErrors (D:\\E\\2nd Sem Full Stack and System Project\\DocterConnect\\services\\user-service\\node_modules\\mongoose\\lib\\connection.js:1169:11)\n    at NativeConnection.openUri (D:\\E\\2nd Sem Full Stack and System Project\\DocterConnect\\services\\user-service\\node_modules\\mongoose\\lib\\connection.js:1100:11)\n    at async connectDB (D:\\E\\2nd Sem Full Stack and System Project\\DocterConnect\\services\\user-service\\src\\config\\database.js:7:5)\n    at async startServer (D:\\E\\2nd Sem Full Stack and System Project\\DocterConnect\\services\\user-service\\src\\server.js:37:5)","timestamp":"2026-07-20T18:36:48.184Z"}
{"level":"info","message":"User Service connected to MongoDB","service":"user-service","timestamp":"2026-08-18T04:49:24.983Z"}
{"code":"ECONNREFUSED","level":"error","message":"RabbitMQ connection error:","service":"user-service","stack":"AggregateError [ECONNREFUSED]: \n    at internalConnectMultiple (node:net:1193:18)\n    at afterConnectMultiple (node:net:1783:7)","timestamp":"2026-08-18T04:49:24.996Z"}
{"level":"info","message":"User Service running on port 3001","service":"user-service","timestamp":"2026-08-18T04:49:24.998Z"}
{"code":"ECONNREFUSED","level":"error","message":"RabbitMQ connection error:","service":"user-service","stack":"AggregateError [ECONNREFUSED]: \n    at internalConnectMultiple (node:net:1193:18)\n    at afterConnectMultiple (node:net:1783:7)","timestamp":"2026-08-18T04:49:30.011Z"}
{"code":"ECONNREFUSED","level":"error","message":"RabbitMQ connection error:","service":"user-service","stack":"AggregateError [ECONNREFUSED]: \n    at internalConnectMultiple (node:net:1193:18)\n    at afterConnectMultiple (node:net:1783:7)","timestamp":"2026-08-18T04:49:35.021Z"}
{"level":"info","message":"User Service connected to MongoDB","service":"user-service","timestamp":"2026-08-18T04:51:17.382Z"}
{"code":"ECONNREFUSED","level":"error","message":"RabbitMQ connection error:","service":"user-service","stack":"AggregateError [ECONNREFUSED]: \n    at internalConnectMultiple (node:net:1193:18)\n    at afterConnectMultiple (node:net:1783:7)","timestamp":"2026-08-18T04:51:17.393Z"}
{"level":"info","message":"User Service running on port 3001","service":"user-service","timestamp":"2026-08-18T04:51:17.396Z"}
{"code":"ECONNREFUSED","level":"error","message":"RabbitMQ connection error:","service":"user-service","stack":"AggregateError [ECONNREFUSED]: \n    at internalConnectMultiple (node:net:1193:18)\n    at afterConnectMultiple (node:net:1783:7)","timestamp":"2026-08-18T04:51:22.416Z"}
{"code":"ECONNREFUSED","level":"error","message":"RabbitMQ connection error:","service":"user-service","stack":"AggregateError [ECONNREFUSED]: \n    at internalConnectMultiple (node:net:1193:18)\n    at afterConnectMultiple (node:net:1783:7)","timestamp":"2026-08-18T04:51:27.424Z"}
{"code":"ECONNREFUSED","level":"error","message":"RabbitMQ connection error:","service":"user-service","stack":"AggregateError [ECONNREFUSED]: \n    at internalConnectMultiple (node:net:1193:18)\n    at afterConnectMultiple (node:net:1783:7)","timestamp":"2026-08-18T04:51:32.448Z"}
{"code":"ECONNREFUSED","level":"error","message":"RabbitMQ connection error:","service":"user-service","stack":"AggregateError [ECONNREFUSED]: \n    at internalConnectMultiple (node:net:1193:18)\n    at afterConnectMultiple (node:net:1783:7)","timestamp":"2026-08-18T04:51:37.456Z"}
{"code":"ECONNREFUSED","level":"error","message":"RabbitMQ connection error:","service":"user-service","stack":"AggregateError [ECONNREFUSED]: \n    at internalConnectMultiple (node:net:1193:18)\n    at afterConnectMultiple (node:net:1783:7)","timestamp":"2026-08-18T04:51:42.473Z"}
{"level":"info","message":"User Service connected to MongoDB","service":"user-service","timestamp":"2026-08-18T04:51:52.150Z"}
{"code":"ECONNREFUSED","level":"error","message":"RabbitMQ connection error:","service":"user-service","stack":"AggregateError [ECONNREFUSED]: \n    at internalConnectMultiple (node:net:1193:18)\n    at afterConnectMultiple (node:net:1783:7)","timestamp":"2026-08-18T04:51:52.167Z"}
{"level":"info","message":"User Service running on port 3001","service":"user-service","timestamp":"2026-08-18T04:51:52.172Z"}
{"code":"ECONNREFUSED","level":"error","message":"RabbitMQ connection error:","service":"user-service","stack":"AggregateError [ECONNREFUSED]: \n    at internalConnectMultiple (node:net:1193:18)\n    at afterConnectMultiple (node:net:1783:7)","timestamp":"2026-08-18T04:51:57.185Z"}
{"code":"ECONNREFUSED","level":"error","message":"RabbitMQ connection error:","service":"user-service","stack":"AggregateError [ECONNREFUSED]: \n    at internalConnectMultiple (node:net:1193:18)\n    at afterConnectMultiple (node:net:1783:7)","timestamp":"2026-08-18T04:52:02.196Z"}
{"code":"ECONNREFUSED","level":"error","message":"RabbitMQ connection error:","service":"user-service","stack":"AggregateError [ECONNREFUSED]: \n    at internalConnectMultiple (node:net:1193:18)\n    at afterConnectMultiple (node:net:1783:7)","timestamp":"2026-08-18T04:52:07.206Z"}
{"code":"ECONNREFUSED","level":"error","message":"RabbitMQ connection error:","service":"user-service","stack":"AggregateError [ECONNREFUSED]: \n    at internalConnectMultiple (node:net:1193:18)\n    at afterConnectMultiple (node:net:1783:7)","timestamp":"2026-08-18T04:52:12.223Z"}
{"code":"ECONNREFUSED","level":"error","message":"RabbitMQ connection error:","service":"user-service","stack":"AggregateError [ECONNREFUSED]: \n    at internalConnectMultiple (node:net:1193:18)\n    at afterConnectMultiple (node:net:1783:7)","timestamp":"2026-08-18T04:52:17.231Z"}
{"code":"ECONNREFUSED","level":"error","message":"RabbitMQ connection error:","service":"user-service","stack":"AggregateError [ECONNREFUSED]: \n    at internalConnectMultiple (node:net:1193:18)\n    at afterConnectMultiple (node:net:1783:7)","timestamp":"2026-08-18T04:52:22.236Z"}
{"code":"ECONNREFUSED","level":"error","message":"RabbitMQ connection error:","service":"user-service","stack":"AggregateError [ECONNREFUSED]: \n    at internalConnectMultiple (node:net:1193:18)\n    at afterConnectMultiple (node:net:1783:7)","timestamp":"2026-08-18T04:52:27.246Z"}
{"code":"ECONNREFUSED","level":"error","message":"RabbitMQ connection error:","service":"user-service","stack":"AggregateError [ECONNREFUSED]: \n    at internalConnectMultiple (node:net:1193:18)\n    at afterConnectMultiple (node:net:1783:7)","timestamp":"2026-08-18T04:52:32.267Z"}
{"code":"ECONNREFUSED","level":"error","message":"RabbitMQ connection error:","service":"user-service","stack":"AggregateError [ECONNREFUSED]: \n    at internalConnectMultiple (node:net:1193:18)\n    at afterConnectMultiple (node:net:1783:7)","timestamp":"2026-08-18T04:52:37.280Z"}
{"code":"ECONNREFUSED","level":"error","message":"RabbitMQ connection error:","service":"user-service","stack":"AggregateError [ECONNREFUSED]: \n    at internalConnectMultiple (node:net:1193:18)\n    at afterConnectMultiple (node:net:1783:7)","timestamp":"2026-08-18T04:52:42.300Z"}
{"code":"ECONNREFUSED","level":"error","message":"RabbitMQ connection error:","service":"user-service","stack":"AggregateError [ECONNREFUSED]: \n    at internalConnectMultiple (node:net:1193:18)\n    at afterConnectMultiple (node:net:1783:7)","timestamp":"2026-08-18T04:52:47.305Z"}
{"code":"ECONNREFUSED","level":"error","message":"RabbitMQ connection error:","service":"user-service","stack":"AggregateError [ECONNREFUSED]: \n    at internalConnectMultiple (node:net:1193:18)\n    at afterConnectMultiple (node:net:1783:7)","timestamp":"2026-08-18T04:52:52.319Z"}
{"code":"ECONNREFUSED","level":"error","message":"RabbitMQ connection error:","service":"user-service","stack":"AggregateError [ECONNREFUSED]: \n    at internalConnectMultiple (node:net:1193:18)\n    at afterConnectMultiple (node:net:1783:7)","timestamp":"2026-08-18T04:52:57.331Z"}
{"code":"ECONNREFUSED","level":"error","message":"RabbitMQ connection error:","service":"user-service","stack":"AggregateError [ECONNREFUSED]: \n    at internalConnectMultiple (node:net:1193:18)\n    at afterConnectMultiple (node:net:1783:7)","timestamp":"2026-08-18T04:53:02.341Z"}
{"code":"ECONNREFUSED","level":"error","message":"RabbitMQ connection error:","service":"user-service","stack":"AggregateError [ECONNREFUSED]: \n    at internalConnectMultiple (node:net:1193:18)\n    at afterConnectMultiple (node:net:1783:7)","timestamp":"2026-08-18T04:53:07.351Z"}
{"code":"ECONNREFUSED","level":"error","message":"RabbitMQ connection error:","service":"user-service","stack":"AggregateError [ECONNREFUSED]: \n    at internalConnectMultiple (node:net:1193:18)\n    at afterConnectMultiple (node:net:1783:7)","timestamp":"2026-08-18T04:53:12.358Z"}
{"code":"ECONNREFUSED","level":"error","message":"RabbitMQ connection error:","service":"user-service","stack":"AggregateError [ECONNREFUSED]: \n    at internalConnectMultiple (node:net:1193:18)\n    at afterConnectMultiple (node:net:1783:7)","timestamp":"2026-08-18T04:53:17.375Z"}
{"code":"ECONNREFUSED","level":"error","message":"RabbitMQ connection error:","service":"user-service","stack":"AggregateError [ECONNREFUSED]: \n    at internalConnectMultiple (node:net:1193:18)\n    at afterConnectMultiple (node:net:1783:7)","timestamp":"2026-08-18T04:53:22.387Z"}
{"code":"ECONNREFUSED","level":"error","message":"RabbitMQ connection error:","service":"user-service","stack":"AggregateError [ECONNREFUSED]: \n    at internalConnectMultiple (node:net:1193:18)\n    at afterConnectMultiple (node:net:1783:7)","timestamp":"2026-08-18T04:53:27.399Z"}
{"code":"ECONNREFUSED","level":"error","message":"RabbitMQ connection error:","service":"user-service","stack":"AggregateError [ECONNREFUSED]: \n    at internalConnectMultiple (node:net:1193:18)\n    at afterConnectMultiple (node:net:1783:7)","timestamp":"2026-08-18T04:53:32.416Z"}
{"code":"ECONNREFUSED","level":"error","message":"RabbitMQ connection error:","service":"user-service","stack":"AggregateError [ECONNREFUSED]: \n    at internalConnectMultiple (node:net:1193:18)\n    at afterConnectMultiple (node:net:1783:7)","timestamp":"2026-08-18T04:53:37.431Z"}
{"code":"ECONNREFUSED","level":"error","message":"RabbitMQ connection error:","service":"user-service","stack":"AggregateError [ECONNREFUSED]: \n    at internalConnectMultiple (node:net:1193:18)\n    at afterConnectMultiple (node:net:1783:7)","timestamp":"2026-08-18T04:53:42.443Z"}
{"code":"ECONNREFUSED","level":"error","message":"RabbitMQ connection error:","service":"user-service","stack":"AggregateError [ECONNREFUSED]: \n    at internalConnectMultiple (node:net:1193:18)\n    at afterConnectMultiple (node:net:1783:7)","timestamp":"2026-08-18T04:53:47.458Z"}
{"code":"ECONNREFUSED","level":"error","message":"RabbitMQ connection error:","service":"user-service","stack":"AggregateError [ECONNREFUSED]: \n    at internalConnectMultiple (node:net:1193:18)\n    at afterConnectMultiple (node:net:1783:7)","timestamp":"2026-08-18T04:53:52.473Z"}
{"code":"ECONNREFUSED","level":"error","message":"RabbitMQ connection error:","service":"user-service","stack":"AggregateError [ECONNREFUSED]: \n    at internalConnectMultiple (node:net:1193:18)\n    at afterConnectMultiple (node:net:1783:7)","timestamp":"2026-08-18T04:53:57.478Z"}
{"code":"ECONNREFUSED","level":"error","message":"RabbitMQ connection error:","service":"user-service","stack":"AggregateError [ECONNREFUSED]: \n    at internalConnectMultiple (node:net:1193:18)\n    at afterConnectMultiple (node:net:1783:7)","timestamp":"2026-08-18T04:54:02.491Z"}
{"code":"ECONNREFUSED","level":"error","message":"RabbitMQ connection error:","service":"user-service","stack":"AggregateError [ECONNREFUSED]: \n    at internalConnectMultiple (node:net:1193:18)\n    at afterConnectMultiple (node:net:1783:7)","timestamp":"2026-08-18T04:54:07.505Z"}
{"code":"ECONNREFUSED","level":"error","message":"RabbitMQ connection error:","service":"user-service","stack":"AggregateError [ECONNREFUSED]: \n    at internalConnectMultiple (node:net:1193:18)\n    at afterConnectMultiple (node:net:1783:7)","timestamp":"2026-08-18T04:54:12.514Z"}
{"code":"ECONNREFUSED","level":"error","message":"RabbitMQ connection error:","service":"user-service","stack":"AggregateError [ECONNREFUSED]: \n    at internalConnectMultiple (node:net:1193:18)\n    at afterConnectMultiple (node:net:1783:7)","timestamp":"2026-08-18T04:54:17.518Z"}
{"code":"ECONNREFUSED","level":"error","message":"RabbitMQ connection error:","service":"user-service","stack":"AggregateError [ECONNREFUSED]: \n    at internalConnectMultiple (node:net:1193:18)\n    at afterConnectMultiple (node:net:1783:7)","timestamp":"2026-08-18T04:54:22.523Z"}
{"code":"ECONNREFUSED","level":"error","message":"RabbitMQ connection error:","service":"user-service","stack":"AggregateError [ECONNREFUSED]: \n    at internalConnectMultiple (node:net:1193:18)\n    at afterConnectMultiple (node:net:1783:7)","timestamp":"2026-08-18T04:54:27.535Z"}
{"code":"ECONNREFUSED","level":"error","message":"RabbitMQ connection error:","service":"user-service","stack":"AggregateError [ECONNREFUSED]: \n    at internalConnectMultiple (node:net:1193:18)\n    at afterConnectMultiple (node:net:1783:7)","timestamp":"2026-08-18T04:54:32.544Z"}
{"code":"ECONNREFUSED","level":"error","message":"RabbitMQ connection error:","service":"user-service","stack":"AggregateError [ECONNREFUSED]: \n    at internalConnectMultiple (node:net:1193:18)\n    at afterConnectMultiple (node:net:1783:7)","timestamp":"2026-08-18T04:54:37.550Z"}
{"code":"ECONNREFUSED","level":"error","message":"RabbitMQ connection error:","service":"user-service","stack":"AggregateError [ECONNREFUSED]: \n    at internalConnectMultiple (node:net:1193:18)\n    at afterConnectMultiple (node:net:1783:7)","timestamp":"2026-08-18T04:54:42.555Z"}
{"code":"ECONNREFUSED","level":"error","message":"RabbitMQ connection error:","service":"user-service","stack":"AggregateError [ECONNREFUSED]: \n    at internalConnectMultiple (node:net:1193:18)\n    at afterConnectMultiple (node:net:1783:7)","timestamp":"2026-08-18T04:54:47.566Z"}
{"code":"ECONNREFUSED","level":"error","message":"RabbitMQ connection error:","service":"user-service","stack":"AggregateError [ECONNREFUSED]: \n    at internalConnectMultiple (node:net:1193:18)\n    at afterConnectMultiple (node:net:1783:7)","timestamp":"2026-08-18T04:54:52.580Z"}
{"code":"ECONNREFUSED","level":"error","message":"RabbitMQ connection error:","service":"user-service","stack":"AggregateError [ECONNREFUSED]: \n    at internalConnectMultiple (node:net:1193:18)\n    at afterConnectMultiple (node:net:1783:7)","timestamp":"2026-08-18T04:54:57.587Z"}
{"code":"ECONNREFUSED","level":"error","message":"RabbitMQ connection error:","service":"user-service","stack":"AggregateError [ECONNREFUSED]: \n    at internalConnectMultiple (node:net:1193:18)\n    at afterConnectMultiple (node:net:1783:7)","timestamp":"2026-08-18T04:55:02.604Z"}
{"code":"ECONNREFUSED","level":"error","message":"RabbitMQ connection error:","service":"user-service","stack":"AggregateError [ECONNREFUSED]: \n    at internalConnectMultiple (node:net:1193:18)\n    at afterConnectMultiple (node:net:1783:7)","timestamp":"2026-08-18T04:55:07.619Z"}
{"code":"ECONNREFUSED","level":"error","message":"RabbitMQ connection error:","service":"user-service","stack":"AggregateError [ECONNREFUSED]: \n    at internalConnectMultiple (node:net:1193:18)\n    at afterConnectMultiple (node:net:1783:7)","timestamp":"2026-08-18T04:55:12.633Z"}
{"code":"ECONNREFUSED","level":"error","message":"RabbitMQ connection error:","service":"user-service","stack":"AggregateError [ECONNREFUSED]: \n    at internalConnectMultiple (node:net:1193:18)\n    at afterConnectMultiple (node:net:1783:7)","timestamp":"2026-08-18T04:55:17.643Z"}
{"code":"ECONNREFUSED","level":"error","message":"RabbitMQ connection error:","service":"user-service","stack":"AggregateError [ECONNREFUSED]: \n    at internalConnectMultiple (node:net:1193:18)\n    at afterConnectMultiple (node:net:1783:7)","timestamp":"2026-08-18T04:55:22.662Z"}
{"code":"ECONNREFUSED","level":"error","message":"RabbitMQ connection error:","service":"user-service","stack":"AggregateError [ECONNREFUSED]: \n    at internalConnectMultiple (node:net:1193:18)\n    at afterConnectMultiple (node:net:1783:7)","timestamp":"2026-08-18T04:55:27.678Z"}
{"code":"ECONNREFUSED","level":"error","message":"RabbitMQ connection error:","service":"user-service","stack":"AggregateError [ECONNREFUSED]: \n    at internalConnectMultiple (node:net:1193:18)\n    at afterConnectMultiple (node:net:1783:7)","timestamp":"2026-08-18T04:55:32.690Z"}
{"code":"ECONNREFUSED","level":"error","message":"RabbitMQ connection error:","service":"user-service","stack":"AggregateError [ECONNREFUSED]: \n    at internalConnectMultiple (node:net:1193:18)\n    at afterConnectMultiple (node:net:1783:7)","timestamp":"2026-08-18T04:55:37.701Z"}
{"code":"ECONNREFUSED","level":"error","message":"RabbitMQ connection error:","service":"user-service","stack":"AggregateError [ECONNREFUSED]: \n    at internalConnectMultiple (node:net:1193:18)\n    at afterConnectMultiple (node:net:1783:7)","timestamp":"2026-08-18T04:55:42.712Z"}
{"code":"ECONNREFUSED","level":"error","message":"RabbitMQ connection error:","service":"user-service","stack":"AggregateError [ECONNREFUSED]: \n    at internalConnectMultiple (node:net:1193:18)\n    at afterConnectMultiple (node:net:1783:7)","timestamp":"2026-08-18T04:55:47.720Z"}
{"code":"ECONNREFUSED","level":"error","message":"RabbitMQ connection error:","service":"user-service","stack":"AggregateError [ECONNREFUSED]: \n    at internalConnectMultiple (node:net:1193:18)\n    at afterConnectMultiple (node:net:1783:7)","timestamp":"2026-08-18T04:55:52.729Z"}
{"code":"ECONNREFUSED","level":"error","message":"RabbitMQ connection error:","service":"user-service","stack":"AggregateError [ECONNREFUSED]: \n    at internalConnectMultiple (node:net:1193:18)\n    at afterConnectMultiple (node:net:1783:7)","timestamp":"2026-08-18T04:55:57.745Z"}
{"level":"info","message":"User logged in via Google: soumen.mondal2025@vitstudent.ac.in","service":"user-service","timestamp":"2026-08-18T04:56:02.461Z"}
{"code":"ECONNREFUSED","level":"error","message":"RabbitMQ connection error:","service":"user-service","stack":"AggregateError [ECONNREFUSED]: \n    at internalConnectMultiple (node:net:1193:18)\n    at afterConnectMultiple (node:net:1783:7)","timestamp":"2026-08-18T04:56:02.759Z"}
{"code":"ECONNREFUSED","level":"error","message":"RabbitMQ connection error:","service":"user-service","stack":"AggregateError [ECONNREFUSED]: \n    at internalConnectMultiple (node:net:1193:18)\n    at afterConnectMultiple (node:net:1783:7)","timestamp":"2026-08-18T04:56:07.767Z"}
{"code":"ECONNREFUSED","level":"error","message":"RabbitMQ connection error:","service":"user-service","stack":"AggregateError [ECONNREFUSED]: \n    at internalConnectMultiple (node:net:1193:18)\n    at afterConnectMultiple (node:net:1783:7)","timestamp":"2026-08-18T04:56:12.777Z"}
{"code":"ECONNREFUSED","level":"error","message":"RabbitMQ connection error:","service":"user-service","stack":"AggregateError [ECONNREFUSED]: \n    at internalConnectMultiple (node:net:1193:18)\n    at afterConnectMultiple (node:net:1783:7)","timestamp":"2026-08-18T04:56:17.790Z"}
{"code":"ECONNREFUSED","level":"error","message":"RabbitMQ connection error:","service":"user-service","stack":"AggregateError [ECONNREFUSED]: \n    at internalConnectMultiple (node:net:1193:18)\n    at afterConnectMultiple (node:net:1783:7)","timestamp":"2026-08-18T04:56:22.800Z"}
{"code":"ECONNREFUSED","level":"error","message":"RabbitMQ connection error:","service":"user-service","stack":"AggregateError [ECONNREFUSED]: \n    at internalConnectMultiple (node:net:1193:18)\n    at afterConnectMultiple (node:net:1783:7)","timestamp":"2026-08-18T04:56:27.808Z"}
{"code":"ECONNREFUSED","level":"error","message":"RabbitMQ connection error:","service":"user-service","stack":"AggregateError [ECONNREFUSED]: \n    at internalConnectMultiple (node:net:1193:18)\n    at afterConnectMultiple (node:net:1783:7)","timestamp":"2026-08-18T04:56:32.828Z"}
{"code":"ECONNREFUSED","level":"error","message":"RabbitMQ connection error:","service":"user-service","stack":"AggregateError [ECONNREFUSED]: \n    at internalConnectMultiple (node:net:1193:18)\n    at afterConnectMultiple (node:net:1783:7)","timestamp":"2026-08-18T04:56:37.847Z"}
{"code":"ECONNREFUSED","level":"error","message":"RabbitMQ connection error:","service":"user-service","stack":"AggregateError [ECONNREFUSED]: \n    at internalConnectMultiple (node:net:1193:18)\n    at afterConnectMultiple (node:net:1783:7)","timestamp":"2026-08-18T04:56:42.861Z"}
{"code":"ECONNREFUSED","level":"error","message":"RabbitMQ connection error:","service":"user-service","stack":"AggregateError [ECONNREFUSED]: \n    at internalConnectMultiple (node:net:1193:18)\n    at afterConnectMultiple (node:net:1783:7)","timestamp":"2026-08-18T04:56:47.870Z"}
{"code":"ECONNREFUSED","level":"error","message":"RabbitMQ connection error:","service":"user-service","stack":"AggregateError [ECONNREFUSED]: \n    at internalConnectMultiple (node:net:1193:18)\n    at afterConnectMultiple (node:net:1783:7)","timestamp":"2026-08-18T04:56:52.886Z"}
{"code":"ECONNREFUSED","level":"error","message":"RabbitMQ connection error:","service":"user-service","stack":"AggregateError [ECONNREFUSED]: \n    at internalConnectMultiple (node:net:1193:18)\n    at afterConnectMultiple (node:net:1783:7)","timestamp":"2026-08-18T04:56:57.912Z"}
{"code":"ECONNREFUSED","level":"error","message":"RabbitMQ connection error:","service":"user-service","stack":"AggregateError [ECONNREFUSED]: \n    at internalConnectMultiple (node:net:1193:18)\n    at afterConnectMultiple (node:net:1783:7)","timestamp":"2026-08-18T04:57:02.920Z"}
{"code":"ECONNREFUSED","level":"error","message":"RabbitMQ connection error:","service":"user-service","stack":"AggregateError [ECONNREFUSED]: \n    at internalConnectMultiple (node:net:1193:18)\n    at afterConnectMultiple (node:net:1783:7)","timestamp":"2026-08-18T04:57:07.936Z"}
{"code":"ECONNREFUSED","level":"error","message":"RabbitMQ connection error:","service":"user-service","stack":"AggregateError [ECONNREFUSED]: \n    at internalConnectMultiple (node:net:1193:18)\n    at afterConnectMultiple (node:net:1783:7)","timestamp":"2026-08-18T04:57:12.945Z"}
{"code":"ECONNREFUSED","level":"error","message":"RabbitMQ connection error:","service":"user-service","stack":"AggregateError [ECONNREFUSED]: \n    at internalConnectMultiple (node:net:1193:18)\n    at afterConnectMultiple (node:net:1783:7)","timestamp":"2026-08-18T04:57:17.963Z"}
{"code":"ECONNREFUSED","level":"error","message":"RabbitMQ connection error:","service":"user-service","stack":"AggregateError [ECONNREFUSED]: \n    at internalConnectMultiple (node:net:1193:18)\n    at afterConnectMultiple (node:net:1783:7)","timestamp":"2026-08-18T04:57:22.975Z"}
{"code":"ECONNREFUSED","level":"error","message":"RabbitMQ connection error:","service":"user-service","stack":"AggregateError [ECONNREFUSED]: \n    at internalConnectMultiple (node:net:1193:18)\n    at afterConnectMultiple (node:net:1783:7)","timestamp":"2026-08-18T04:57:27.997Z"}
{"code":"ECONNREFUSED","level":"error","message":"RabbitMQ connection error:","service":"user-service","stack":"AggregateError [ECONNREFUSED]: \n    at internalConnectMultiple (node:net:1193:18)\n    at afterConnectMultiple (node:net:1783:7)","timestamp":"2026-08-18T04:57:33.007Z"}
{"code":"ECONNREFUSED","level":"error","message":"RabbitMQ connection error:","service":"user-service","stack":"AggregateError [ECONNREFUSED]: \n    at internalConnectMultiple (node:net:1193:18)\n    at afterConnectMultiple (node:net:1783:7)","timestamp":"2026-08-18T04:57:38.019Z"}
{"code":"ECONNREFUSED","level":"error","message":"RabbitMQ connection error:","service":"user-service","stack":"AggregateError [ECONNREFUSED]: \n    at internalConnectMultiple (node:net:1193:18)\n    at afterConnectMultiple (node:net:1783:7)","timestamp":"2026-08-18T04:57:43.032Z"}
{"code":"ECONNREFUSED","level":"error","message":"RabbitMQ connection error:","service":"user-service","stack":"AggregateError [ECONNREFUSED]: \n    at internalConnectMultiple (node:net:1193:18)\n    at afterConnectMultiple (node:net:1783:7)","timestamp":"2026-08-18T04:57:48.045Z"}
{"code":"ECONNREFUSED","level":"error","message":"RabbitMQ connection error:","service":"user-service","stack":"AggregateError [ECONNREFUSED]: \n    at internalConnectMultiple (node:net:1193:18)\n    at afterConnectMultiple (node:net:1783:7)","timestamp":"2026-08-18T04:57:53.055Z"}
{"code":"ECONNREFUSED","level":"error","message":"RabbitMQ connection error:","service":"user-service","stack":"AggregateError [ECONNREFUSED]: \n    at internalConnectMultiple (node:net:1193:18)\n    at afterConnectMultiple (node:net:1783:7)","timestamp":"2026-08-18T04:57:58.074Z"}
{"code":"ECONNREFUSED","level":"error","message":"RabbitMQ connection error:","service":"user-service","stack":"AggregateError [ECONNREFUSED]: \n    at internalConnectMultiple (node:net:1193:18)\n    at afterConnectMultiple (node:net:1783:7)","timestamp":"2026-08-18T04:58:03.094Z"}
{"code":"ECONNREFUSED","level":"error","message":"RabbitMQ connection error:","service":"user-service","stack":"AggregateError [ECONNREFUSED]: \n    at internalConnectMultiple (node:net:1193:18)\n    at afterConnectMultiple (node:net:1783:7)","timestamp":"2026-08-18T04:58:08.099Z"}
{"code":"ECONNREFUSED","level":"error","message":"RabbitMQ connection error:","service":"user-service","stack":"AggregateError [ECONNREFUSED]: \n    at internalConnectMultiple (node:net:1193:18)\n    at afterConnectMultiple (node:net:1783:7)","timestamp":"2026-08-18T04:58:13.114Z"}
{"code":"ECONNREFUSED","level":"error","message":"RabbitMQ connection error:","service":"user-service","stack":"AggregateError [ECONNREFUSED]: \n    at internalConnectMultiple (node:net:1193:18)\n    at afterConnectMultiple (node:net:1783:7)","timestamp":"2026-08-18T04:58:18.131Z"}
{"code":"ECONNREFUSED","level":"error","message":"RabbitMQ connection error:","service":"user-service","stack":"AggregateError [ECONNREFUSED]: \n    at internalConnectMultiple (node:net:1193:18)\n    at afterConnectMultiple (node:net:1783:7)","timestamp":"2026-08-18T04:58:23.148Z"}
{"code":"ECONNREFUSED","level":"error","message":"RabbitMQ connection error:","service":"user-service","stack":"AggregateError [ECONNREFUSED]: \n    at internalConnectMultiple (node:net:1193:18)\n    at afterConnectMultiple (node:net:1783:7)","timestamp":"2026-08-18T04:58:28.156Z"}
{"code":"ECONNREFUSED","level":"error","message":"RabbitMQ connection error:","service":"user-service","stack":"AggregateError [ECONNREFUSED]: \n    at internalConnectMultiple (node:net:1193:18)\n    at afterConnectMultiple (node:net:1783:7)","timestamp":"2026-08-18T04:58:33.175Z"}
{"code":"ECONNREFUSED","level":"error","message":"RabbitMQ connection error:","service":"user-service","stack":"AggregateError [ECONNREFUSED]: \n    at internalConnectMultiple (node:net:1193:18)\n    at afterConnectMultiple (node:net:1783:7)","timestamp":"2026-08-18T04:58:38.193Z"}
{"code":"ECONNREFUSED","level":"error","message":"RabbitMQ connection error:","service":"user-service","stack":"AggregateError [ECONNREFUSED]: \n    at internalConnectMultiple (node:net:1193:18)\n    at afterConnectMultiple (node:net:1783:7)","timestamp":"2026-08-18T04:58:43.205Z"}
{"code":"ECONNREFUSED","level":"error","message":"RabbitMQ connection error:","service":"user-service","stack":"AggregateError [ECONNREFUSED]: \n    at internalConnectMultiple (node:net:1193:18)\n    at afterConnectMultiple (node:net:1783:7)","timestamp":"2026-08-18T04:58:48.221Z"}
{"code":"ECONNREFUSED","level":"error","message":"RabbitMQ connection error:","service":"user-service","stack":"AggregateError [ECONNREFUSED]: \n    at internalConnectMultiple (node:net:1193:18)\n    at afterConnectMultiple (node:net:1783:7)","timestamp":"2026-08-18T04:58:53.241Z"}
{"code":"ECONNREFUSED","level":"error","message":"RabbitMQ connection error:","service":"user-service","stack":"AggregateError [ECONNREFUSED]: \n    at internalConnectMultiple (node:net:1193:18)\n    at afterConnectMultiple (node:net:1783:7)","timestamp":"2026-08-18T04:58:58.250Z"}
{"level":"info","message":"User registered: s459mondal@gmail.com","service":"user-service","timestamp":"2026-08-18T04:59:02.718Z"}
{"code":"ECONNREFUSED","level":"error","message":"RabbitMQ connection error:","service":"user-service","stack":"AggregateError [ECONNREFUSED]: \n    at internalConnectMultiple (node:net:1193:18)\n    at afterConnectMultiple (node:net:1783:7)","timestamp":"2026-08-18T04:59:03.266Z"}
{"code":"ECONNREFUSED","level":"error","message":"RabbitMQ connection error:","service":"user-service","stack":"AggregateError [ECONNREFUSED]: \n    at internalConnectMultiple (node:net:1193:18)\n    at afterConnectMultiple (node:net:1783:7)","timestamp":"2026-08-18T04:59:08.274Z"}
{"code":"ECONNREFUSED","level":"error","message":"RabbitMQ connection error:","service":"user-service","stack":"AggregateError [ECONNREFUSED]: \n    at internalConnectMultiple (node:net:1193:18)\n    at afterConnectMultiple (node:net:1783:7)","timestamp":"2026-08-18T04:59:13.289Z"}
{"code":"ECONNREFUSED","level":"error","message":"RabbitMQ connection error:","service":"user-service","stack":"AggregateError [ECONNREFUSED]: \n    at internalConnectMultiple (node:net:1193:18)\n    at afterConnectMultiple (node:net:1783:7)","timestamp":"2026-08-18T04:59:18.295Z"}
{"code":"ECONNREFUSED","level":"error","message":"RabbitMQ connection error:","service":"user-service","stack":"AggregateError [ECONNREFUSED]: \n    at internalConnectMultiple (node:net:1193:18)\n    at afterConnectMultiple (node:net:1783:7)","timestamp":"2026-08-18T04:59:23.310Z"}
{"code":"ECONNREFUSED","level":"error","message":"RabbitMQ connection error:","service":"user-service","stack":"AggregateError [ECONNREFUSED]: \n    at internalConnectMultiple (node:net:1193:18)\n    at afterConnectMultiple (node:net:1783:7)","timestamp":"2026-08-18T04:59:28.328Z"}
{"code":"ECONNREFUSED","level":"error","message":"RabbitMQ connection error:","service":"user-service","stack":"AggregateError [ECONNREFUSED]: \n    at internalConnectMultiple (node:net:1193:18)\n    at afterConnectMultiple (node:net:1783:7)","timestamp":"2026-08-18T04:59:33.335Z"}
{"code":"ECONNREFUSED","level":"error","message":"RabbitMQ connection error:","service":"user-service","stack":"AggregateError [ECONNREFUSED]: \n    at internalConnectMultiple (node:net:1193:18)\n    at afterConnectMultiple (node:net:1783:7)","timestamp":"2026-08-18T04:59:38.350Z"}
{"code":"ECONNREFUSED","level":"error","message":"RabbitMQ connection error:","service":"user-service","stack":"AggregateError [ECONNREFUSED]: \n    at internalConnectMultiple (node:net:1193:18)\n    at afterConnectMultiple (node:net:1783:7)","timestamp":"2026-08-18T04:59:43.368Z"}
{"code":"ECONNREFUSED","level":"error","message":"RabbitMQ connection error:","service":"user-service","stack":"AggregateError [ECONNREFUSED]: \n    at internalConnectMultiple (node:net:1193:18)\n    at afterConnectMultiple (node:net:1783:7)","timestamp":"2026-08-18T04:59:48.384Z"}
{"code":"ECONNREFUSED","level":"error","message":"RabbitMQ connection error:","service":"user-service","stack":"AggregateError [ECONNREFUSED]: \n    at internalConnectMultiple (node:net:1193:18)\n    at afterConnectMultiple (node:net:1783:7)","timestamp":"2026-08-18T04:59:53.393Z"}
{"code":"ECONNREFUSED","level":"error","message":"RabbitMQ connection error:","service":"user-service","stack":"AggregateError [ECONNREFUSED]: \n    at internalConnectMultiple (node:net:1193:18)\n    at afterConnectMultiple (node:net:1783:7)","timestamp":"2026-08-18T04:59:58.409Z"}
{"code":"ECONNREFUSED","level":"error","message":"RabbitMQ connection error:","service":"user-service","stack":"AggregateError [ECONNREFUSED]: \n    at internalConnectMultiple (node:net:1193:18)\n    at afterConnectMultiple (node:net:1783:7)","timestamp":"2026-08-18T05:00:03.425Z"}
{"code":"ECONNREFUSED","level":"error","message":"RabbitMQ connection error:","service":"user-service","stack":"AggregateError [ECONNREFUSED]: \n    at internalConnectMultiple (node:net:1193:18)\n    at afterConnectMultiple (node:net:1783:7)","timestamp":"2026-08-18T05:00:08.438Z"}
{"code":"ECONNREFUSED","level":"error","message":"RabbitMQ connection error:","service":"user-service","stack":"AggregateError [ECONNREFUSED]: \n    at internalConnectMultiple (node:net:1193:18)\n    at afterConnectMultiple (node:net:1783:7)","timestamp":"2026-08-18T05:00:13.454Z"}
{"code":"ECONNREFUSED","level":"error","message":"RabbitMQ connection error:","service":"user-service","stack":"AggregateError [ECONNREFUSED]: \n    at internalConnectMultiple (node:net:1193:18)\n    at afterConnectMultiple (node:net:1783:7)","timestamp":"2026-08-18T05:00:18.459Z"}
{"code":"ECONNREFUSED","level":"error","message":"RabbitMQ connection error:","service":"user-service","stack":"AggregateError [ECONNREFUSED]: \n    at internalConnectMultiple (node:net:1193:18)\n    at afterConnectMultiple (node:net:1783:7)","timestamp":"2026-08-18T05:00:23.468Z"}
{"code":"ECONNREFUSED","level":"error","message":"RabbitMQ connection error:","service":"user-service","stack":"AggregateError [ECONNREFUSED]: \n    at internalConnectMultiple (node:net:1193:18)\n    at afterConnectMultiple (node:net:1783:7)","timestamp":"2026-08-18T05:00:28.484Z"}
{"code":"ECONNREFUSED","level":"error","message":"RabbitMQ connection error:","service":"user-service","stack":"AggregateError [ECONNREFUSED]: \n    at internalConnectMultiple (node:net:1193:18)\n    at afterConnectMultiple (node:net:1783:7)","timestamp":"2026-08-18T05:00:33.504Z"}
{"code":"ECONNREFUSED","level":"error","message":"RabbitMQ connection error:","service":"user-service","stack":"AggregateError [ECONNREFUSED]: \n    at internalConnectMultiple (node:net:1193:18)\n    at afterConnectMultiple (node:net:1783:7)","timestamp":"2026-08-18T05:00:38.511Z"}
{"code":"ECONNREFUSED","level":"error","message":"RabbitMQ connection error:","service":"user-service","stack":"AggregateError [ECONNREFUSED]: \n    at internalConnectMultiple (node:net:1193:18)\n    at afterConnectMultiple (node:net:1783:7)","timestamp":"2026-08-18T05:00:43.528Z"}
{"code":"ECONNREFUSED","level":"error","message":"RabbitMQ connection error:","service":"user-service","stack":"AggregateError [ECONNREFUSED]: \n    at internalConnectMultiple (node:net:1193:18)\n    at afterConnectMultiple (node:net:1783:7)","timestamp":"2026-08-18T05:00:48.541Z"}
{"code":"ECONNREFUSED","level":"error","message":"RabbitMQ connection error:","service":"user-service","stack":"AggregateError [ECONNREFUSED]: \n    at internalConnectMultiple (node:net:1193:18)\n    at afterConnectMultiple (node:net:1783:7)","timestamp":"2026-08-18T05:00:53.559Z"}
{"code":"ECONNREFUSED","level":"error","message":"RabbitMQ connection error:","service":"user-service","stack":"AggregateError [ECONNREFUSED]: \n    at internalConnectMultiple (node:net:1193:18)\n    at afterConnectMultiple (node:net:1783:7)","timestamp":"2026-08-18T05:00:58.565Z"}
{"level":"info","message":"User Service connected to MongoDB","service":"user-service","timestamp":"2026-08-18T05:01:03.567Z"}
{"code":"ECONNREFUSED","level":"error","message":"RabbitMQ connection error:","service":"user-service","stack":"AggregateError [ECONNREFUSED]: \n    at internalConnectMultiple (node:net:1193:18)\n    at afterConnectMultiple (node:net:1783:7)","timestamp":"2026-08-18T05:01:03.576Z"}
{"level":"info","message":"User Service running on port 3001","service":"user-service","timestamp":"2026-08-18T05:01:03.578Z"}
{"code":"ECONNREFUSED","level":"error","message":"RabbitMQ connection error:","service":"user-service","stack":"AggregateError [ECONNREFUSED]: \n    at internalConnectMultiple (node:net:1193:18)\n    at afterConnectMultiple (node:net:1783:7)","timestamp":"2026-08-18T05:01:08.585Z"}
{"level":"info","message":"User Service connected to MongoDB","service":"user-service","timestamp":"2026-08-18T05:01:11.456Z"}
{"code":"ECONNREFUSED","level":"error","message":"RabbitMQ connection error:","service":"user-service","stack":"AggregateError [ECONNREFUSED]: \n    at internalConnectMultiple (node:net:1193:18)\n    at afterConnectMultiple (node:net:1783:7)","timestamp":"2026-08-18T05:01:11.468Z"}
{"level":"info","message":"User Service running on port 3001","service":"user-service","timestamp":"2026-08-18T05:01:11.471Z"}
{"level":"info","message":"User Service connected to MongoDB","service":"user-service","timestamp":"2026-08-18T05:01:16.842Z"}
{"code":"ECONNREFUSED","level":"error","message":"RabbitMQ connection error:","service":"user-service","stack":"AggregateError [ECONNREFUSED]: \n    at internalConnectMultiple (node:net:1193:18)\n    at afterConnectMultiple (node:net:1783:7)","timestamp":"2026-08-18T05:01:16.849Z"}
{"level":"info","message":"User Service running on port 3001","service":"user-service","timestamp":"2026-08-18T05:01:16.852Z"}
{"code":"ECONNREFUSED","level":"error","message":"RabbitMQ connection error:","service":"user-service","stack":"AggregateError [ECONNREFUSED]: \n    at internalConnectMultiple (node:net:1193:18)\n    at afterConnectMultiple (node:net:1783:7)","timestamp":"2026-08-18T05:01:21.861Z"}
{"code":"ECONNREFUSED","level":"error","message":"RabbitMQ connection error:","service":"user-service","stack":"AggregateError [ECONNREFUSED]: \n    at internalConnectMultiple (node:net:1193:18)\n    at afterConnectMultiple (node:net:1783:7)","timestamp":"2026-08-18T05:01:26.872Z"}
{"code":"ECONNREFUSED","level":"error","message":"RabbitMQ connection error:","service":"user-service","stack":"AggregateError [ECONNREFUSED]: \n    at internalConnectMultiple (node:net:1193:18)\n    at afterConnectMultiple (node:net:1783:7)","timestamp":"2026-08-18T05:01:31.888Z"}
{"code":"ECONNREFUSED","level":"error","message":"RabbitMQ connection error:","service":"user-service","stack":"AggregateError [ECONNREFUSED]: \n    at internalConnectMultiple (node:net:1193:18)\n    at afterConnectMultiple (node:net:1783:7)","timestamp":"2026-08-18T05:01:36.901Z"}
{"code":"ECONNREFUSED","level":"error","message":"RabbitMQ connection error:","service":"user-service","stack":"AggregateError [ECONNREFUSED]: \n    at internalConnectMultiple (node:net:1193:18)\n    at afterConnectMultiple (node:net:1783:7)","timestamp":"2026-08-18T05:01:41.920Z"}
{"code":"ECONNREFUSED","level":"error","message":"RabbitMQ connection error:","service":"user-service","stack":"AggregateError [ECONNREFUSED]: \n    at internalConnectMultiple (node:net:1193:18)\n    at afterConnectMultiple (node:net:1783:7)","timestamp":"2026-08-18T05:01:46.933Z"}
{"code":"ECONNREFUSED","level":"error","message":"RabbitMQ connection error:","service":"user-service","stack":"AggregateError [ECONNREFUSED]: \n    at internalConnectMultiple (node:net:1193:18)\n    at afterConnectMultiple (node:net:1783:7)","timestamp":"2026-08-18T05:01:51.944Z"}
{"code":"ECONNREFUSED","level":"error","message":"RabbitMQ connection error:","service":"user-service","stack":"AggregateError [ECONNREFUSED]: \n    at internalConnectMultiple (node:net:1193:18)\n    at afterConnectMultiple (node:net:1783:7)","timestamp":"2026-08-18T05:01:56.962Z"}
{"code":"ECONNREFUSED","level":"error","message":"RabbitMQ connection error:","service":"user-service","stack":"AggregateError [ECONNREFUSED]: \n    at internalConnectMultiple (node:net:1193:18)\n    at afterConnectMultiple (node:net:1783:7)","timestamp":"2026-08-18T05:02:01.982Z"}
{"code":"ECONNREFUSED","level":"error","message":"RabbitMQ connection error:","service":"user-service","stack":"AggregateError [ECONNREFUSED]: \n    at internalConnectMultiple (node:net:1193:18)\n    at afterConnectMultiple (node:net:1783:7)","timestamp":"2026-08-18T05:02:07.025Z"}
{"code":"ECONNREFUSED","level":"error","message":"RabbitMQ connection error:","service":"user-service","stack":"AggregateError [ECONNREFUSED]: \n    at internalConnectMultiple (node:net:1193:18)\n    at afterConnectMultiple (node:net:1783:7)","timestamp":"2026-08-18T05:02:12.043Z"}
{"code":"ECONNREFUSED","level":"error","message":"RabbitMQ connection error:","service":"user-service","stack":"AggregateError [ECONNREFUSED]: \n    at internalConnectMultiple (node:net:1193:18)\n    at afterConnectMultiple (node:net:1783:7)","timestamp":"2026-08-18T05:02:17.059Z"}
{"code":"ECONNREFUSED","level":"error","message":"RabbitMQ connection error:","service":"user-service","stack":"AggregateError [ECONNREFUSED]: \n    at internalConnectMultiple (node:net:1193:18)\n    at afterConnectMultiple (node:net:1783:7)","timestamp":"2026-08-18T05:02:22.069Z"}
{"code":"ECONNREFUSED","level":"error","message":"RabbitMQ connection error:","service":"user-service","stack":"AggregateError [ECONNREFUSED]: \n    at internalConnectMultiple (node:net:1193:18)\n    at afterConnectMultiple (node:net:1783:7)","timestamp":"2026-08-18T05:02:27.087Z"}
{"code":"ECONNREFUSED","level":"error","message":"RabbitMQ connection error:","service":"user-service","stack":"AggregateError [ECONNREFUSED]: \n    at internalConnectMultiple (node:net:1193:18)\n    at afterConnectMultiple (node:net:1783:7)","timestamp":"2026-08-18T05:02:32.098Z"}
{"code":"ECONNREFUSED","level":"error","message":"RabbitMQ connection error:","service":"user-service","stack":"AggregateError [ECONNREFUSED]: \n    at internalConnectMultiple (node:net:1193:18)\n    at afterConnectMultiple (node:net:1783:7)","timestamp":"2026-08-18T05:02:37.118Z"}
{"code":"ECONNREFUSED","level":"error","message":"RabbitMQ connection error:","service":"user-service","stack":"AggregateError [ECONNREFUSED]: \n    at internalConnectMultiple (node:net:1193:18)\n    at afterConnectMultiple (node:net:1783:7)","timestamp":"2026-08-18T05:02:42.124Z"}
{"code":"ECONNREFUSED","level":"error","message":"RabbitMQ connection error:","service":"user-service","stack":"AggregateError [ECONNREFUSED]: \n    at internalConnectMultiple (node:net:1193:18)\n    at afterConnectMultiple (node:net:1783:7)","timestamp":"2026-08-18T05:02:47.136Z"}
{"code":"ECONNREFUSED","level":"error","message":"RabbitMQ connection error:","service":"user-service","stack":"AggregateError [ECONNREFUSED]: \n    at internalConnectMultiple (node:net:1193:18)\n    at afterConnectMultiple (node:net:1783:7)","timestamp":"2026-08-18T05:02:52.156Z"}
{"code":"ECONNREFUSED","level":"error","message":"RabbitMQ connection error:","service":"user-service","stack":"AggregateError [ECONNREFUSED]: \n    at internalConnectMultiple (node:net:1193:18)\n    at afterConnectMultiple (node:net:1783:7)","timestamp":"2026-08-18T05:02:57.169Z"}
{"code":"ECONNREFUSED","level":"error","message":"RabbitMQ connection error:","service":"user-service","stack":"AggregateError [ECONNREFUSED]: \n    at internalConnectMultiple (node:net:1193:18)\n    at afterConnectMultiple (node:net:1783:7)","timestamp":"2026-08-18T05:03:02.182Z"}
{"code":"ECONNREFUSED","level":"error","message":"RabbitMQ connection error:","service":"user-service","stack":"AggregateError [ECONNREFUSED]: \n    at internalConnectMultiple (node:net:1193:18)\n    at afterConnectMultiple (node:net:1783:7)","timestamp":"2026-08-18T05:03:07.197Z"}
{"code":"ECONNREFUSED","level":"error","message":"RabbitMQ connection error:","service":"user-service","stack":"AggregateError [ECONNREFUSED]: \n    at internalConnectMultiple (node:net:1193:18)\n    at afterConnectMultiple (node:net:1783:7)","timestamp":"2026-08-18T05:03:12.208Z"}
{"code":"ECONNREFUSED","level":"error","message":"RabbitMQ connection error:","service":"user-service","stack":"AggregateError [ECONNREFUSED]: \n    at internalConnectMultiple (node:net:1193:18)\n    at afterConnectMultiple (node:net:1783:7)","timestamp":"2026-08-18T05:03:17.224Z"}
{"code":"ECONNREFUSED","level":"error","message":"RabbitMQ connection error:","service":"user-service","stack":"AggregateError [ECONNREFUSED]: \n    at internalConnectMultiple (node:net:1193:18)\n    at afterConnectMultiple (node:net:1783:7)","timestamp":"2026-08-18T05:03:22.235Z"}
{"code":"ECONNREFUSED","level":"error","message":"RabbitMQ connection error:","service":"user-service","stack":"AggregateError [ECONNREFUSED]: \n    at internalConnectMultiple (node:net:1193:18)\n    at afterConnectMultiple (node:net:1783:7)","timestamp":"2026-08-18T05:03:27.249Z"}
{"code":"ECONNREFUSED","level":"error","message":"RabbitMQ connection error:","service":"user-service","stack":"AggregateError [ECONNREFUSED]: \n    at internalConnectMultiple (node:net:1193:18)\n    at afterConnectMultiple (node:net:1783:7)","timestamp":"2026-08-18T05:03:32.266Z"}
{"code":"ECONNREFUSED","level":"error","message":"RabbitMQ connection error:","service":"user-service","stack":"AggregateError [ECONNREFUSED]: \n    at internalConnectMultiple (node:net:1193:18)\n    at afterConnectMultiple (node:net:1783:7)","timestamp":"2026-08-18T05:03:37.277Z"}
{"code":"ECONNREFUSED","level":"error","message":"RabbitMQ connection error:","service":"user-service","stack":"AggregateError [ECONNREFUSED]: \n    at internalConnectMultiple (node:net:1193:18)\n    at afterConnectMultiple (node:net:1783:7)","timestamp":"2026-08-18T05:03:42.297Z"}
{"code":"ECONNREFUSED","level":"error","message":"RabbitMQ connection error:","service":"user-service","stack":"AggregateError [ECONNREFUSED]: \n    at internalConnectMultiple (node:net:1193:18)\n    at afterConnectMultiple (node:net:1783:7)","timestamp":"2026-08-18T05:03:47.303Z"}
{"code":"ECONNREFUSED","level":"error","message":"RabbitMQ connection error:","service":"user-service","stack":"AggregateError [ECONNREFUSED]: \n    at internalConnectMultiple (node:net:1193:18)\n    at afterConnectMultiple (node:net:1783:7)","timestamp":"2026-08-18T05:03:52.316Z"}
{"code":"ECONNREFUSED","level":"error","message":"RabbitMQ connection error:","service":"user-service","stack":"AggregateError [ECONNREFUSED]: \n    at internalConnectMultiple (node:net:1193:18)\n    at afterConnectMultiple (node:net:1783:7)","timestamp":"2026-08-18T05:03:57.326Z"}
{"code":"ECONNREFUSED","level":"error","message":"RabbitMQ connection error:","service":"user-service","stack":"AggregateError [ECONNREFUSED]: \n    at internalConnectMultiple (node:net:1193:18)\n    at afterConnectMultiple (node:net:1783:7)","timestamp":"2026-08-18T05:04:02.342Z"}
{"code":"ECONNREFUSED","level":"error","message":"RabbitMQ connection error:","service":"user-service","stack":"AggregateError [ECONNREFUSED]: \n    at internalConnectMultiple (node:net:1193:18)\n    at afterConnectMultiple (node:net:1783:7)","timestamp":"2026-08-18T05:04:07.354Z"}
{"code":"ECONNREFUSED","level":"error","message":"RabbitMQ connection error:","service":"user-service","stack":"AggregateError [ECONNREFUSED]: \n    at internalConnectMultiple (node:net:1193:18)\n    at afterConnectMultiple (node:net:1783:7)","timestamp":"2026-08-18T05:04:12.369Z"}
{"code":"ECONNREFUSED","level":"error","message":"RabbitMQ connection error:","service":"user-service","stack":"AggregateError [ECONNREFUSED]: \n    at internalConnectMultiple (node:net:1193:18)\n    at afterConnectMultiple (node:net:1783:7)","timestamp":"2026-08-18T05:04:17.374Z"}
{"code":"ECONNREFUSED","level":"error","message":"RabbitMQ connection error:","service":"user-service","stack":"AggregateError [ECONNREFUSED]: \n    at internalConnectMultiple (node:net:1193:18)\n    at afterConnectMultiple (node:net:1783:7)","timestamp":"2026-08-18T05:04:22.388Z"}
{"code":"ECONNREFUSED","level":"error","message":"RabbitMQ connection error:","service":"user-service","stack":"AggregateError [ECONNREFUSED]: \n    at internalConnectMultiple (node:net:1193:18)\n    at afterConnectMultiple (node:net:1783:7)","timestamp":"2026-08-18T05:04:27.411Z"}
{"code":"ECONNREFUSED","level":"error","message":"RabbitMQ connection error:","service":"user-service","stack":"AggregateError [ECONNREFUSED]: \n    at internalConnectMultiple (node:net:1193:18)\n    at afterConnectMultiple (node:net:1783:7)","timestamp":"2026-08-18T05:04:32.420Z"}
{"code":"ECONNREFUSED","level":"error","message":"RabbitMQ connection error:","service":"user-service","stack":"AggregateError [ECONNREFUSED]: \n    at internalConnectMultiple (node:net:1193:18)\n    at afterConnectMultiple (node:net:1783:7)","timestamp":"2026-08-18T05:04:37.431Z"}
{"code":"ECONNREFUSED","level":"error","message":"RabbitMQ connection error:","service":"user-service","stack":"AggregateError [ECONNREFUSED]: \n    at internalConnectMultiple (node:net:1193:18)\n    at afterConnectMultiple (node:net:1783:7)","timestamp":"2026-08-18T05:04:42.436Z"}
{"code":"ECONNREFUSED","level":"error","message":"RabbitMQ connection error:","service":"user-service","stack":"AggregateError [ECONNREFUSED]: \n    at internalConnectMultiple (node:net:1193:18)\n    at afterConnectMultiple (node:net:1783:7)","timestamp":"2026-08-18T05:04:47.450Z"}
{"code":"ECONNREFUSED","level":"error","message":"RabbitMQ connection error:","service":"user-service","stack":"AggregateError [ECONNREFUSED]: \n    at internalConnectMultiple (node:net:1193:18)\n    at afterConnectMultiple (node:net:1783:7)","timestamp":"2026-08-18T05:04:52.459Z"}
{"code":"ECONNREFUSED","level":"error","message":"RabbitMQ connection error:","service":"user-service","stack":"AggregateError [ECONNREFUSED]: \n    at internalConnectMultiple (node:net:1193:18)\n    at afterConnectMultiple (node:net:1783:7)","timestamp":"2026-08-18T05:04:57.471Z"}
{"code":"ECONNREFUSED","level":"error","message":"RabbitMQ connection error:","service":"user-service","stack":"AggregateError [ECONNREFUSED]: \n    at internalConnectMultiple (node:net:1193:18)\n    at afterConnectMultiple (node:net:1783:7)","timestamp":"2026-08-18T05:05:02.488Z"}
{"code":"ECONNREFUSED","level":"error","message":"RabbitMQ connection error:","service":"user-service","stack":"AggregateError [ECONNREFUSED]: \n    at internalConnectMultiple (node:net:1193:18)\n    at afterConnectMultiple (node:net:1783:7)","timestamp":"2026-08-18T05:05:07.503Z"}
{"code":"ECONNREFUSED","level":"error","message":"RabbitMQ connection error:","service":"user-service","stack":"AggregateError [ECONNREFUSED]: \n    at internalConnectMultiple (node:net:1193:18)\n    at afterConnectMultiple (node:net:1783:7)","timestamp":"2026-08-18T05:05:12.523Z"}
{"code":"ECONNREFUSED","level":"error","message":"RabbitMQ connection error:","service":"user-service","stack":"AggregateError [ECONNREFUSED]: \n    at internalConnectMultiple (node:net:1193:18)\n    at afterConnectMultiple (node:net:1783:7)","timestamp":"2026-08-18T05:05:17.531Z"}
{"code":"ECONNREFUSED","level":"error","message":"RabbitMQ connection error:","service":"user-service","stack":"AggregateError [ECONNREFUSED]: \n    at internalConnectMultiple (node:net:1193:18)\n    at afterConnectMultiple (node:net:1783:7)","timestamp":"2026-08-18T05:05:22.547Z"}
{"code":"ECONNREFUSED","level":"error","message":"RabbitMQ connection error:","service":"user-service","stack":"AggregateError [ECONNREFUSED]: \n    at internalConnectMultiple (node:net:1193:18)\n    at afterConnectMultiple (node:net:1783:7)","timestamp":"2026-08-18T05:05:27.561Z"}
{"code":"ECONNREFUSED","level":"error","message":"RabbitMQ connection error:","service":"user-service","stack":"AggregateError [ECONNREFUSED]: \n    at internalConnectMultiple (node:net:1193:18)\n    at afterConnectMultiple (node:net:1783:7)","timestamp":"2026-08-18T05:05:32.576Z"}
{"code":"ECONNREFUSED","level":"error","message":"RabbitMQ connection error:","service":"user-service","stack":"AggregateError [ECONNREFUSED]: \n    at internalConnectMultiple (node:net:1193:18)\n    at afterConnectMultiple (node:net:1783:7)","timestamp":"2026-08-18T05:05:37.592Z"}
{"code":"ECONNREFUSED","level":"error","message":"RabbitMQ connection error:","service":"user-service","stack":"AggregateError [ECONNREFUSED]: \n    at internalConnectMultiple (node:net:1193:18)\n    at afterConnectMultiple (node:net:1783:7)","timestamp":"2026-08-18T05:05:42.606Z"}
{"code":"ECONNREFUSED","level":"error","message":"RabbitMQ connection error:","service":"user-service","stack":"AggregateError [ECONNREFUSED]: \n    at internalConnectMultiple (node:net:1193:18)\n    at afterConnectMultiple (node:net:1783:7)","timestamp":"2026-08-18T05:05:47.626Z"}
{"code":"ECONNREFUSED","level":"error","message":"RabbitMQ connection error:","service":"user-service","stack":"AggregateError [ECONNREFUSED]: \n    at internalConnectMultiple (node:net:1193:18)\n    at afterConnectMultiple (node:net:1783:7)","timestamp":"2026-08-18T05:05:52.636Z"}
{"code":"ECONNREFUSED","level":"error","message":"RabbitMQ connection error:","service":"user-service","stack":"AggregateError [ECONNREFUSED]: \n    at internalConnectMultiple (node:net:1193:18)\n    at afterConnectMultiple (node:net:1783:7)","timestamp":"2026-08-18T05:05:57.646Z"}
{"level":"info","message":"User Service connected to MongoDB","service":"user-service","timestamp":"2026-08-18T05:06:02.993Z"}
{"code":"ECONNREFUSED","level":"error","message":"RabbitMQ connection error:","service":"user-service","stack":"AggregateError [ECONNREFUSED]: \n    at internalConnectMultiple (node:net:1193:18)\n    at afterConnectMultiple (node:net:1783:7)","timestamp":"2026-08-18T05:06:03.006Z"}
{"level":"info","message":"User Service running on port 3001","service":"user-service","timestamp":"2026-08-18T05:06:03.011Z"}
{"code":"ECONNREFUSED","level":"error","message":"RabbitMQ connection error:","service":"user-service","stack":"AggregateError [ECONNREFUSED]: \n    at internalConnectMultiple (node:net:1193:18)\n    at afterConnectMultiple (node:net:1783:7)","timestamp":"2026-08-18T05:06:08.013Z"}
{"code":"ECONNREFUSED","level":"error","message":"RabbitMQ connection error:","service":"user-service","stack":"AggregateError [ECONNREFUSED]: \n    at internalConnectMultiple (node:net:1193:18)\n    at afterConnectMultiple (node:net:1783:7)","timestamp":"2026-08-18T05:06:13.021Z"}
{"code":"ECONNREFUSED","level":"error","message":"RabbitMQ connection error:","service":"user-service","stack":"AggregateError [ECONNREFUSED]: \n    at internalConnectMultiple (node:net:1193:18)\n    at afterConnectMultiple (node:net:1783:7)","timestamp":"2026-08-18T05:06:18.033Z"}
{"code":"ECONNREFUSED","level":"error","message":"RabbitMQ connection error:","service":"user-service","stack":"AggregateError [ECONNREFUSED]: \n    at internalConnectMultiple (node:net:1193:18)\n    at afterConnectMultiple (node:net:1783:7)","timestamp":"2026-08-18T05:06:23.055Z"}
{"code":"ECONNREFUSED","level":"error","message":"RabbitMQ connection error:","service":"user-service","stack":"AggregateError [ECONNREFUSED]: \n    at internalConnectMultiple (node:net:1193:18)\n    at afterConnectMultiple (node:net:1783:7)","timestamp":"2026-08-18T05:06:28.071Z"}
{"code":"ECONNREFUSED","level":"error","message":"RabbitMQ connection error:","service":"user-service","stack":"AggregateError [ECONNREFUSED]: \n    at internalConnectMultiple (node:net:1193:18)\n    at afterConnectMultiple (node:net:1783:7)","timestamp":"2026-08-18T05:06:33.081Z"}
{"code":"ECONNREFUSED","level":"error","message":"RabbitMQ connection error:","service":"user-service","stack":"AggregateError [ECONNREFUSED]: \n    at internalConnectMultiple (node:net:1193:18)\n    at afterConnectMultiple (node:net:1783:7)","timestamp":"2026-08-18T05:06:38.098Z"}
{"code":"ECONNREFUSED","level":"error","message":"RabbitMQ connection error:","service":"user-service","stack":"AggregateError [ECONNREFUSED]: \n    at internalConnectMultiple (node:net:1193:18)\n    at afterConnectMultiple (node:net:1783:7)","timestamp":"2026-08-18T05:06:43.114Z"}
{"code":"ECONNREFUSED","level":"error","message":"RabbitMQ connection error:","service":"user-service","stack":"AggregateError [ECONNREFUSED]: \n    at internalConnectMultiple (node:net:1193:18)\n    at afterConnectMultiple (node:net:1783:7)","timestamp":"2026-08-18T05:06:48.124Z"}
{"code":"ECONNREFUSED","level":"error","message":"RabbitMQ connection error:","service":"user-service","stack":"AggregateError [ECONNREFUSED]: \n    at internalConnectMultiple (node:net:1193:18)\n    at afterConnectMultiple (node:net:1783:7)","timestamp":"2026-08-18T05:06:53.134Z"}
{"code":"ECONNREFUSED","level":"error","message":"RabbitMQ connection error:","service":"user-service","stack":"AggregateError [ECONNREFUSED]: \n    at internalConnectMultiple (node:net:1193:18)\n    at afterConnectMultiple (node:net:1783:7)","timestamp":"2026-08-18T05:06:58.146Z"}
{"code":"ECONNREFUSED","level":"error","message":"RabbitMQ connection error:","service":"user-service","stack":"AggregateError [ECONNREFUSED]: \n    at internalConnectMultiple (node:net:1193:18)\n    at afterConnectMultiple (node:net:1783:7)","timestamp":"2026-08-18T05:07:03.162Z"}
{"code":"ECONNREFUSED","level":"error","message":"RabbitMQ connection error:","service":"user-service","stack":"AggregateError [ECONNREFUSED]: \n    at internalConnectMultiple (node:net:1193:18)\n    at afterConnectMultiple (node:net:1783:7)","timestamp":"2026-08-18T05:07:08.174Z"}
{"code":"ECONNREFUSED","level":"error","message":"RabbitMQ connection error:","service":"user-service","stack":"AggregateError [ECONNREFUSED]: \n    at internalConnectMultiple (node:net:1193:18)\n    at afterConnectMultiple (node:net:1783:7)","timestamp":"2026-08-18T05:07:13.193Z"}
{"code":"ECONNREFUSED","level":"error","message":"RabbitMQ connection error:","service":"user-service","stack":"AggregateError [ECONNREFUSED]: \n    at internalConnectMultiple (node:net:1193:18)\n    at afterConnectMultiple (node:net:1783:7)","timestamp":"2026-08-18T05:07:18.200Z"}
{"code":"ECONNREFUSED","level":"error","message":"RabbitMQ connection error:","service":"user-service","stack":"AggregateError [ECONNREFUSED]: \n    at internalConnectMultiple (node:net:1193:18)\n    at afterConnectMultiple (node:net:1783:7)","timestamp":"2026-08-18T05:07:23.210Z"}
{"code":"ECONNREFUSED","level":"error","message":"RabbitMQ connection error:","service":"user-service","stack":"AggregateError [ECONNREFUSED]: \n    at internalConnectMultiple (node:net:1193:18)\n    at afterConnectMultiple (node:net:1783:7)","timestamp":"2026-08-18T05:07:28.226Z"}
{"code":"ECONNREFUSED","level":"error","message":"RabbitMQ connection error:","service":"user-service","stack":"AggregateError [ECONNREFUSED]: \n    at internalConnectMultiple (node:net:1193:18)\n    at afterConnectMultiple (node:net:1783:7)","timestamp":"2026-08-18T05:07:33.251Z"}
{"code":"ECONNREFUSED","level":"error","message":"RabbitMQ connection error:","service":"user-service","stack":"AggregateError [ECONNREFUSED]: \n    at internalConnectMultiple (node:net:1193:18)\n    at afterConnectMultiple (node:net:1783:7)","timestamp":"2026-08-18T05:07:38.268Z"}
{"code":"ECONNREFUSED","level":"error","message":"RabbitMQ connection error:","service":"user-service","stack":"AggregateError [ECONNREFUSED]: \n    at internalConnectMultiple (node:net:1193:18)\n    at afterConnectMultiple (node:net:1783:7)","timestamp":"2026-08-18T05:07:43.278Z"}
{"code":"ECONNREFUSED","level":"error","message":"RabbitMQ connection error:","service":"user-service","stack":"AggregateError [ECONNREFUSED]: \n    at internalConnectMultiple (node:net:1193:18)\n    at afterConnectMultiple (node:net:1783:7)","timestamp":"2026-08-18T05:07:48.289Z"}
{"code":"ECONNREFUSED","level":"error","message":"RabbitMQ connection error:","service":"user-service","stack":"AggregateError [ECONNREFUSED]: \n    at internalConnectMultiple (node:net:1193:18)\n    at afterConnectMultiple (node:net:1783:7)","timestamp":"2026-08-18T05:07:53.315Z"}
{"code":"ECONNREFUSED","level":"error","message":"RabbitMQ connection error:","service":"user-service","stack":"AggregateError [ECONNREFUSED]: \n    at internalConnectMultiple (node:net:1193:18)\n    at afterConnectMultiple (node:net:1783:7)","timestamp":"2026-08-18T05:07:58.323Z"}
{"code":"ECONNREFUSED","level":"error","message":"RabbitMQ connection error:","service":"user-service","stack":"AggregateError [ECONNREFUSED]: \n    at internalConnectMultiple (node:net:1193:18)\n    at afterConnectMultiple (node:net:1783:7)","timestamp":"2026-08-18T05:08:03.341Z"}
{"level":"info","message":"User logged in: admin@demo.com","service":"user-service","timestamp":"2026-08-18T05:08:04.400Z"}
{"code":"ECONNREFUSED","level":"error","message":"RabbitMQ connection error:","service":"user-service","stack":"AggregateError [ECONNREFUSED]: \n    at internalConnectMultiple (node:net:1193:18)\n    at afterConnectMultiple (node:net:1783:7)","timestamp":"2026-08-18T05:08:08.346Z"}
{"code":"ECONNREFUSED","level":"error","message":"RabbitMQ connection error:","service":"user-service","stack":"AggregateError [ECONNREFUSED]: \n    at internalConnectMultiple (node:net:1193:18)\n    at afterConnectMultiple (node:net:1783:7)","timestamp":"2026-08-18T05:08:13.356Z"}
{"code":"ECONNREFUSED","level":"error","message":"RabbitMQ connection error:","service":"user-service","stack":"AggregateError [ECONNREFUSED]: \n    at internalConnectMultiple (node:net:1193:18)\n    at afterConnectMultiple (node:net:1783:7)","timestamp":"2026-08-18T05:08:18.367Z"}
{"code":"ECONNREFUSED","level":"error","message":"RabbitMQ connection error:","service":"user-service","stack":"AggregateError [ECONNREFUSED]: \n    at internalConnectMultiple (node:net:1193:18)\n    at afterConnectMultiple (node:net:1783:7)","timestamp":"2026-08-18T05:08:23.375Z"}
{"code":"ECONNREFUSED","level":"error","message":"RabbitMQ connection error:","service":"user-service","stack":"AggregateError [ECONNREFUSED]: \n    at internalConnectMultiple (node:net:1193:18)\n    at afterConnectMultiple (node:net:1783:7)","timestamp":"2026-08-18T05:08:28.392Z"}
{"code":"ECONNREFUSED","level":"error","message":"RabbitMQ connection error:","service":"user-service","stack":"AggregateError [ECONNREFUSED]: \n    at internalConnectMultiple (node:net:1193:18)\n    at afterConnectMultiple (node:net:1783:7)","timestamp":"2026-08-18T05:08:33.405Z"}
{"code":"ECONNREFUSED","level":"error","message":"RabbitMQ connection error:","service":"user-service","stack":"AggregateError [ECONNREFUSED]: \n    at internalConnectMultiple (node:net:1193:18)\n    at afterConnectMultiple (node:net:1783:7)","timestamp":"2026-08-18T05:08:38.419Z"}
{"code":"ECONNREFUSED","level":"error","message":"RabbitMQ connection error:","service":"user-service","stack":"AggregateError [ECONNREFUSED]: \n    at internalConnectMultiple (node:net:1193:18)\n    at afterConnectMultiple (node:net:1783:7)","timestamp":"2026-08-18T05:08:43.423Z"}
{"code":"ECONNREFUSED","level":"error","message":"RabbitMQ connection error:","service":"user-service","stack":"AggregateError [ECONNREFUSED]: \n    at internalConnectMultiple (node:net:1193:18)\n    at afterConnectMultiple (node:net:1783:7)","timestamp":"2026-08-18T05:08:48.430Z"}
{"code":"ECONNREFUSED","level":"error","message":"RabbitMQ connection error:","service":"user-service","stack":"AggregateError [ECONNREFUSED]: \n    at internalConnectMultiple (node:net:1193:18)\n    at afterConnectMultiple (node:net:1783:7)","timestamp":"2026-08-18T05:08:53.447Z"}
{"code":"ECONNREFUSED","level":"error","message":"RabbitMQ connection error:","service":"user-service","stack":"AggregateError [ECONNREFUSED]: \n    at internalConnectMultiple (node:net:1193:18)\n    at afterConnectMultiple (node:net:1783:7)","timestamp":"2026-08-18T05:08:58.474Z"}
{"code":"ECONNREFUSED","level":"error","message":"RabbitMQ connection error:","service":"user-service","stack":"AggregateError [ECONNREFUSED]: \n    at internalConnectMultiple (node:net:1193:18)\n    at afterConnectMultiple (node:net:1783:7)","timestamp":"2026-08-18T05:09:03.491Z"}
{"code":"ECONNREFUSED","level":"error","message":"RabbitMQ connection error:","service":"user-service","stack":"AggregateError [ECONNREFUSED]: \n    at internalConnectMultiple (node:net:1193:18)\n    at afterConnectMultiple (node:net:1783:7)","timestamp":"2026-08-18T05:09:08.509Z"}
{"code":"ECONNREFUSED","level":"error","message":"RabbitMQ connection error:","service":"user-service","stack":"AggregateError [ECONNREFUSED]: \n    at internalConnectMultiple (node:net:1193:18)\n    at afterConnectMultiple (node:net:1783:7)","timestamp":"2026-08-18T05:09:13.526Z"}
{"code":"ECONNREFUSED","level":"error","message":"RabbitMQ connection error:","service":"user-service","stack":"AggregateError [ECONNREFUSED]: \n    at internalConnectMultiple (node:net:1193:18)\n    at afterConnectMultiple (node:net:1783:7)","timestamp":"2026-08-18T05:09:18.540Z"}
{"code":"ECONNREFUSED","level":"error","message":"RabbitMQ connection error:","service":"user-service","stack":"AggregateError [ECONNREFUSED]: \n    at internalConnectMultiple (node:net:1193:18)\n    at afterConnectMultiple (node:net:1783:7)","timestamp":"2026-08-18T05:09:23.548Z"}
{"code":"ECONNREFUSED","level":"error","message":"RabbitMQ connection error:","service":"user-service","stack":"AggregateError [ECONNREFUSED]: \n    at internalConnectMultiple (node:net:1193:18)\n    at afterConnectMultiple (node:net:1783:7)","timestamp":"2026-08-18T05:09:28.573Z"}
{"code":"ECONNREFUSED","level":"error","message":"RabbitMQ connection error:","service":"user-service","stack":"AggregateError [ECONNREFUSED]: \n    at internalConnectMultiple (node:net:1193:18)\n    at afterConnectMultiple (node:net:1783:7)","timestamp":"2026-08-18T05:09:33.581Z"}
{"level":"info","message":"User Service connected to MongoDB","service":"user-service","timestamp":"2026-08-18T05:09:34.941Z"}
{"code":"ECONNREFUSED","level":"error","message":"RabbitMQ connection error:","service":"user-service","stack":"AggregateError [ECONNREFUSED]: \n    at internalConnectMultiple (node:net:1193:18)\n    at afterConnectMultiple (node:net:1783:7)","timestamp":"2026-08-18T05:09:34.955Z"}
{"level":"info","message":"User Service running on port 3001","service":"user-service","timestamp":"2026-08-18T05:09:34.959Z"}
{"code":"ECONNREFUSED","level":"error","message":"RabbitMQ connection error:","service":"user-service","stack":"AggregateError [ECONNREFUSED]: \n    at internalConnectMultiple (node:net:1193:18)\n    at afterConnectMultiple (node:net:1783:7)","timestamp":"2026-08-18T05:09:39.967Z"}
{"code":"ECONNREFUSED","level":"error","message":"RabbitMQ connection error:","service":"user-service","stack":"AggregateError [ECONNREFUSED]: \n    at internalConnectMultiple (node:net:1193:18)\n    at afterConnectMultiple (node:net:1783:7)","timestamp":"2026-08-18T05:09:44.989Z"}
{"code":"ECONNREFUSED","level":"error","message":"RabbitMQ connection error:","service":"user-service","stack":"AggregateError [ECONNREFUSED]: \n    at internalConnectMultiple (node:net:1193:18)\n    at afterConnectMultiple (node:net:1783:7)","timestamp":"2026-08-18T05:09:49.997Z"}
{"code":"ECONNREFUSED","level":"error","message":"RabbitMQ connection error:","service":"user-service","stack":"AggregateError [ECONNREFUSED]: \n    at internalConnectMultiple (node:net:1193:18)\n    at afterConnectMultiple (node:net:1783:7)","timestamp":"2026-08-18T05:09:55.004Z"}
{"code":"ECONNREFUSED","level":"error","message":"RabbitMQ connection error:","service":"user-service","stack":"AggregateError [ECONNREFUSED]: \n    at internalConnectMultiple (node:net:1193:18)\n    at afterConnectMultiple (node:net:1783:7)","timestamp":"2026-08-18T05:10:00.015Z"}
{"code":"ECONNREFUSED","level":"error","message":"RabbitMQ connection error:","service":"user-service","stack":"AggregateError [ECONNREFUSED]: \n    at internalConnectMultiple (node:net:1193:18)\n    at afterConnectMultiple (node:net:1783:7)","timestamp":"2026-08-18T05:10:05.035Z"}
{"code":"ECONNREFUSED","level":"error","message":"RabbitMQ connection error:","service":"user-service","stack":"AggregateError [ECONNREFUSED]: \n    at internalConnectMultiple (node:net:1193:18)\n    at afterConnectMultiple (node:net:1783:7)","timestamp":"2026-08-18T05:10:10.055Z"}
{"code":"ECONNREFUSED","level":"error","message":"RabbitMQ connection error:","service":"user-service","stack":"AggregateError [ECONNREFUSED]: \n    at internalConnectMultiple (node:net:1193:18)\n    at afterConnectMultiple (node:net:1783:7)","timestamp":"2026-08-18T05:10:15.059Z"}
{"code":"ECONNREFUSED","level":"error","message":"RabbitMQ connection error:","service":"user-service","stack":"AggregateError [ECONNREFUSED]: \n    at internalConnectMultiple (node:net:1193:18)\n    at afterConnectMultiple (node:net:1783:7)","timestamp":"2026-08-18T05:10:20.067Z"}
{"level":"info","message":"User Service connected to MongoDB","service":"user-service","timestamp":"2026-08-18T05:10:21.096Z"}
{"code":"ECONNREFUSED","level":"error","message":"RabbitMQ connection error:","service":"user-service","stack":"AggregateError [ECONNREFUSED]: \n    at internalConnectMultiple (node:net:1193:18)\n    at afterConnectMultiple (node:net:1783:7)","timestamp":"2026-08-18T05:10:21.106Z"}
{"level":"info","message":"User Service running on port 3001","service":"user-service","timestamp":"2026-08-18T05:10:21.110Z"}
{"code":"ECONNREFUSED","level":"error","message":"RabbitMQ connection error:","service":"user-service","stack":"AggregateError [ECONNREFUSED]: \n    at internalConnectMultiple (node:net:1193:18)\n    at afterConnectMultiple (node:net:1783:7)","timestamp":"2026-08-18T05:10:26.125Z"}
{"level":"info","message":"User Service connected to MongoDB","service":"user-service","timestamp":"2026-08-18T05:10:27.454Z"}
{"code":"ECONNREFUSED","level":"error","message":"RabbitMQ connection error:","service":"user-service","stack":"AggregateError [ECONNREFUSED]: \n    at internalConnectMultiple (node:net:1193:18)\n    at afterConnectMultiple (node:net:1783:7)","timestamp":"2026-08-18T05:10:27.465Z"}
{"level":"info","message":"User Service running on port 3001","service":"user-service","timestamp":"2026-08-18T05:10:27.469Z"}
{"code":"ECONNREFUSED","level":"error","message":"RabbitMQ connection error:","service":"user-service","stack":"AggregateError [ECONNREFUSED]: \n    at internalConnectMultiple (node:net:1193:18)\n    at afterConnectMultiple (node:net:1783:7)","timestamp":"2026-08-18T05:10:32.486Z"}
{"code":"ECONNREFUSED","level":"error","message":"RabbitMQ connection error:","service":"user-service","stack":"AggregateError [ECONNREFUSED]: \n    at internalConnectMultiple (node:net:1193:18)\n    at afterConnectMultiple (node:net:1783:7)","timestamp":"2026-08-18T05:10:37.497Z"}
{"code":"ECONNREFUSED","level":"error","message":"RabbitMQ connection error:","service":"user-service","stack":"AggregateError [ECONNREFUSED]: \n    at internalConnectMultiple (node:net:1193:18)\n    at afterConnectMultiple (node:net:1783:7)","timestamp":"2026-08-18T05:10:42.512Z"}
{"code":"ECONNREFUSED","level":"error","message":"RabbitMQ connection error:","service":"user-service","stack":"AggregateError [ECONNREFUSED]: \n    at internalConnectMultiple (node:net:1193:18)\n    at afterConnectMultiple (node:net:1783:7)","timestamp":"2026-08-18T05:10:47.518Z"}
{"code":"ECONNREFUSED","level":"error","message":"RabbitMQ connection error:","service":"user-service","stack":"AggregateError [ECONNREFUSED]: \n    at internalConnectMultiple (node:net:1193:18)\n    at afterConnectMultiple (node:net:1783:7)","timestamp":"2026-08-18T05:10:52.537Z"}
{"level":"info","message":"User Service connected to MongoDB","service":"user-service","timestamp":"2026-08-18T05:10:55.004Z"}
{"code":"ECONNREFUSED","level":"error","message":"RabbitMQ connection error:","service":"user-service","stack":"AggregateError [ECONNREFUSED]: \n    at internalConnectMultiple (node:net:1193:18)\n    at afterConnectMultiple (node:net:1783:7)","timestamp":"2026-08-18T05:10:55.013Z"}
{"level":"info","message":"User Service running on port 3001","service":"user-service","timestamp":"2026-08-18T05:10:55.016Z"}
{"code":"ECONNREFUSED","level":"error","message":"RabbitMQ connection error:","service":"user-service","stack":"AggregateError [ECONNREFUSED]: \n    at internalConnectMultiple (node:net:1193:18)\n    at afterConnectMultiple (node:net:1783:7)","timestamp":"2026-08-18T05:11:00.026Z"}
{"code":"ECONNREFUSED","level":"error","message":"RabbitMQ connection error:","service":"user-service","stack":"AggregateError [ECONNREFUSED]: \n    at internalConnectMultiple (node:net:1193:18)\n    at afterConnectMultiple (node:net:1783:7)","timestamp":"2026-08-18T05:11:05.040Z"}
{"code":"ECONNREFUSED","level":"error","message":"RabbitMQ connection error:","service":"user-service","stack":"AggregateError [ECONNREFUSED]: \n    at internalConnectMultiple (node:net:1193:18)\n    at afterConnectMultiple (node:net:1783:7)","timestamp":"2026-08-18T05:11:10.058Z"}
{"code":"ECONNREFUSED","level":"error","message":"RabbitMQ connection error:","service":"user-service","stack":"AggregateError [ECONNREFUSED]: \n    at internalConnectMultiple (node:net:1193:18)\n    at afterConnectMultiple (node:net:1783:7)","timestamp":"2026-08-18T05:11:15.068Z"}
{"code":"ECONNREFUSED","level":"error","message":"RabbitMQ connection error:","service":"user-service","stack":"AggregateError [ECONNREFUSED]: \n    at internalConnectMultiple (node:net:1193:18)\n    at afterConnectMultiple (node:net:1783:7)","timestamp":"2026-08-18T05:11:20.079Z"}
{"code":"ECONNREFUSED","level":"error","message":"RabbitMQ connection error:","service":"user-service","stack":"AggregateError [ECONNREFUSED]: \n    at internalConnectMultiple (node:net:1193:18)\n    at afterConnectMultiple (node:net:1783:7)","timestamp":"2026-08-18T05:11:25.121Z"}
{"code":"ECONNREFUSED","level":"error","message":"RabbitMQ connection error:","service":"user-service","stack":"AggregateError [ECONNREFUSED]: \n    at internalConnectMultiple (node:net:1193:18)\n    at afterConnectMultiple (node:net:1783:7)","timestamp":"2026-08-18T05:11:30.139Z"}
{"code":"ECONNREFUSED","level":"error","message":"RabbitMQ connection error:","service":"user-service","stack":"AggregateError [ECONNREFUSED]: \n    at internalConnectMultiple (node:net:1193:18)\n    at afterConnectMultiple (node:net:1783:7)","timestamp":"2026-08-18T05:11:35.164Z"}
{"code":"ECONNREFUSED","level":"error","message":"RabbitMQ connection error:","service":"user-service","stack":"AggregateError [ECONNREFUSED]: \n    at internalConnectMultiple (node:net:1193:18)\n    at afterConnectMultiple (node:net:1783:7)","timestamp":"2026-08-18T05:11:40.180Z"}
{"code":"ECONNREFUSED","level":"error","message":"RabbitMQ connection error:","service":"user-service","stack":"AggregateError [ECONNREFUSED]: \n    at internalConnectMultiple (node:net:1193:18)\n    at afterConnectMultiple (node:net:1783:7)","timestamp":"2026-08-18T05:11:45.192Z"}
{"code":"ECONNREFUSED","level":"error","message":"RabbitMQ connection error:","service":"user-service","stack":"AggregateError [ECONNREFUSED]: \n    at internalConnectMultiple (node:net:1193:18)\n    at afterConnectMultiple (node:net:1783:7)","timestamp":"2026-08-18T05:11:50.211Z"}
{"code":"ECONNREFUSED","level":"error","message":"RabbitMQ connection error:","service":"user-service","stack":"AggregateError [ECONNREFUSED]: \n    at internalConnectMultiple (node:net:1193:18)\n    at afterConnectMultiple (node:net:1783:7)","timestamp":"2026-08-18T05:11:55.215Z"}
{"code":"ECONNREFUSED","level":"error","message":"RabbitMQ connection error:","service":"user-service","stack":"AggregateError [ECONNREFUSED]: \n    at internalConnectMultiple (node:net:1193:18)\n    at afterConnectMultiple (node:net:1783:7)","timestamp":"2026-08-18T05:12:00.220Z"}
{"code":"ECONNREFUSED","level":"error","message":"RabbitMQ connection error:","service":"user-service","stack":"AggregateError [ECONNREFUSED]: \n    at internalConnectMultiple (node:net:1193:18)\n    at afterConnectMultiple (node:net:1783:7)","timestamp":"2026-08-18T05:12:05.226Z"}
{"code":"ECONNREFUSED","level":"error","message":"RabbitMQ connection error:","service":"user-service","stack":"AggregateError [ECONNREFUSED]: \n    at internalConnectMultiple (node:net:1193:18)\n    at afterConnectMultiple (node:net:1783:7)","timestamp":"2026-08-18T05:12:10.240Z"}
{"code":"ECONNREFUSED","level":"error","message":"RabbitMQ connection error:","service":"user-service","stack":"AggregateError [ECONNREFUSED]: \n    at internalConnectMultiple (node:net:1193:18)\n    at afterConnectMultiple (node:net:1783:7)","timestamp":"2026-08-18T05:12:15.258Z"}
{"code":"ECONNREFUSED","level":"error","message":"RabbitMQ connection error:","service":"user-service","stack":"AggregateError [ECONNREFUSED]: \n    at internalConnectMultiple (node:net:1193:18)\n    at afterConnectMultiple (node:net:1783:7)","timestamp":"2026-08-18T05:12:20.273Z"}
{"code":"ECONNREFUSED","level":"error","message":"RabbitMQ connection error:","service":"user-service","stack":"AggregateError [ECONNREFUSED]: \n    at internalConnectMultiple (node:net:1193:18)\n    at afterConnectMultiple (node:net:1783:7)","timestamp":"2026-08-18T05:12:25.282Z"}
{"code":"ECONNREFUSED","level":"error","message":"RabbitMQ connection error:","service":"user-service","stack":"AggregateError [ECONNREFUSED]: \n    at internalConnectMultiple (node:net:1193:18)\n    at afterConnectMultiple (node:net:1783:7)","timestamp":"2026-08-18T05:12:30.302Z"}
{"code":"ECONNREFUSED","level":"error","message":"RabbitMQ connection error:","service":"user-service","stack":"AggregateError [ECONNREFUSED]: \n    at internalConnectMultiple (node:net:1193:18)\n    at afterConnectMultiple (node:net:1783:7)","timestamp":"2026-08-18T05:12:35.311Z"}
{"code":"ECONNREFUSED","level":"error","message":"RabbitMQ connection error:","service":"user-service","stack":"AggregateError [ECONNREFUSED]: \n    at internalConnectMultiple (node:net:1193:18)\n    at afterConnectMultiple (node:net:1783:7)","timestamp":"2026-08-18T05:12:40.321Z"}
{"code":"ECONNREFUSED","level":"error","message":"RabbitMQ connection error:","service":"user-service","stack":"AggregateError [ECONNREFUSED]: \n    at internalConnectMultiple (node:net:1193:18)\n    at afterConnectMultiple (node:net:1783:7)","timestamp":"2026-08-18T05:12:45.328Z"}
{"code":"ECONNREFUSED","level":"error","message":"RabbitMQ connection error:","service":"user-service","stack":"AggregateError [ECONNREFUSED]: \n    at internalConnectMultiple (node:net:1193:18)\n    at afterConnectMultiple (node:net:1783:7)","timestamp":"2026-08-18T05:12:50.342Z"}
{"code":"ECONNREFUSED","level":"error","message":"RabbitMQ connection error:","service":"user-service","stack":"AggregateError [ECONNREFUSED]: \n    at internalConnectMultiple (node:net:1193:18)\n    at afterConnectMultiple (node:net:1783:7)","timestamp":"2026-08-18T05:12:55.348Z"}
{"code":"ECONNREFUSED","level":"error","message":"RabbitMQ connection error:","service":"user-service","stack":"AggregateError [ECONNREFUSED]: \n    at internalConnectMultiple (node:net:1193:18)\n    at afterConnectMultiple (node:net:1783:7)","timestamp":"2026-08-18T05:13:00.370Z"}
{"code":"ECONNREFUSED","level":"error","message":"RabbitMQ connection error:","service":"user-service","stack":"AggregateError [ECONNREFUSED]: \n    at internalConnectMultiple (node:net:1193:18)\n    at afterConnectMultiple (node:net:1783:7)","timestamp":"2026-08-18T05:13:05.376Z"}
{"code":"ECONNREFUSED","level":"error","message":"RabbitMQ connection error:","service":"user-service","stack":"AggregateError [ECONNREFUSED]: \n    at internalConnectMultiple (node:net:1193:18)\n    at afterConnectMultiple (node:net:1783:7)","timestamp":"2026-08-18T05:13:10.387Z"}
{"code":"ECONNREFUSED","level":"error","message":"RabbitMQ connection error:","service":"user-service","stack":"AggregateError [ECONNREFUSED]: \n    at internalConnectMultiple (node:net:1193:18)\n    at afterConnectMultiple (node:net:1783:7)","timestamp":"2026-08-18T05:13:15.398Z"}
{"code":"ECONNREFUSED","level":"error","message":"RabbitMQ connection error:","service":"user-service","stack":"AggregateError [ECONNREFUSED]: \n    at internalConnectMultiple (node:net:1193:18)\n    at afterConnectMultiple (node:net:1783:7)","timestamp":"2026-08-18T05:13:20.412Z"}
{"code":"ECONNREFUSED","level":"error","message":"RabbitMQ connection error:","service":"user-service","stack":"AggregateError [ECONNREFUSED]: \n    at internalConnectMultiple (node:net:1193:18)\n    at afterConnectMultiple (node:net:1783:7)","timestamp":"2026-08-18T05:13:25.427Z"}
{"code":"ECONNREFUSED","level":"error","message":"RabbitMQ connection error:","service":"user-service","stack":"AggregateError [ECONNREFUSED]: \n    at internalConnectMultiple (node:net:1193:18)\n    at afterConnectMultiple (node:net:1783:7)","timestamp":"2026-08-18T05:13:30.464Z"}
{"code":"ECONNREFUSED","level":"error","message":"RabbitMQ connection error:","service":"user-service","stack":"AggregateError [ECONNREFUSED]: \n    at internalConnectMultiple (node:net:1193:18)\n    at afterConnectMultiple (node:net:1783:7)","timestamp":"2026-08-18T05:13:35.492Z"}
{"code":"ECONNREFUSED","level":"error","message":"RabbitMQ connection error:","service":"user-service","stack":"AggregateError [ECONNREFUSED]: \n    at internalConnectMultiple (node:net:1193:18)\n    at afterConnectMultiple (node:net:1783:7)","timestamp":"2026-08-18T05:13:40.508Z"}
{"code":"ECONNREFUSED","level":"error","message":"RabbitMQ connection error:","service":"user-service","stack":"AggregateError [ECONNREFUSED]: \n    at internalConnectMultiple (node:net:1193:18)\n    at afterConnectMultiple (node:net:1783:7)","timestamp":"2026-08-18T05:13:45.521Z"}
{"code":"ECONNREFUSED","level":"error","message":"RabbitMQ connection error:","service":"user-service","stack":"AggregateError [ECONNREFUSED]: \n    at internalConnectMultiple (node:net:1193:18)\n    at afterConnectMultiple (node:net:1783:7)","timestamp":"2026-08-18T05:13:50.527Z"}
{"code":"ECONNREFUSED","level":"error","message":"RabbitMQ connection error:","service":"user-service","stack":"AggregateError [ECONNREFUSED]: \n    at internalConnectMultiple (node:net:1193:18)\n    at afterConnectMultiple (node:net:1783:7)","timestamp":"2026-08-18T05:13:55.539Z"}
{"code":"ECONNREFUSED","level":"error","message":"RabbitMQ connection error:","service":"user-service","stack":"AggregateError [ECONNREFUSED]: \n    at internalConnectMultiple (node:net:1193:18)\n    at afterConnectMultiple (node:net:1783:7)","timestamp":"2026-08-18T05:14:00.552Z"}
{"code":"ECONNREFUSED","level":"error","message":"RabbitMQ connection error:","service":"user-service","stack":"AggregateError [ECONNREFUSED]: \n    at internalConnectMultiple (node:net:1193:18)\n    at afterConnectMultiple (node:net:1783:7)","timestamp":"2026-08-18T05:14:05.571Z"}
{"code":"ECONNREFUSED","level":"error","message":"RabbitMQ connection error:","service":"user-service","stack":"AggregateError [ECONNREFUSED]: \n    at internalConnectMultiple (node:net:1193:18)\n    at afterConnectMultiple (node:net:1783:7)","timestamp":"2026-08-18T05:14:10.582Z"}
{"code":"ECONNREFUSED","level":"error","message":"RabbitMQ connection error:","service":"user-service","stack":"AggregateError [ECONNREFUSED]: \n    at internalConnectMultiple (node:net:1193:18)\n    at afterConnectMultiple (node:net:1783:7)","timestamp":"2026-08-18T05:14:15.588Z"}
{"code":"ECONNREFUSED","level":"error","message":"RabbitMQ connection error:","service":"user-service","stack":"AggregateError [ECONNREFUSED]: \n    at internalConnectMultiple (node:net:1193:18)\n    at afterConnectMultiple (node:net:1783:7)","timestamp":"2026-08-18T05:14:20.596Z"}
{"code":"ECONNREFUSED","level":"error","message":"RabbitMQ connection error:","service":"user-service","stack":"AggregateError [ECONNREFUSED]: \n    at internalConnectMultiple (node:net:1193:18)\n    at afterConnectMultiple (node:net:1783:7)","timestamp":"2026-08-18T05:14:25.611Z"}
{"code":"ECONNREFUSED","level":"error","message":"RabbitMQ connection error:","service":"user-service","stack":"AggregateError [ECONNREFUSED]: \n    at internalConnectMultiple (node:net:1193:18)\n    at afterConnectMultiple (node:net:1783:7)","timestamp":"2026-08-18T05:14:30.616Z"}
{"code":"ECONNREFUSED","level":"error","message":"RabbitMQ connection error:","service":"user-service","stack":"AggregateError [ECONNREFUSED]: \n    at internalConnectMultiple (node:net:1193:18)\n    at afterConnectMultiple (node:net:1783:7)","timestamp":"2026-08-18T05:14:35.624Z"}
{"code":"ECONNREFUSED","level":"error","message":"RabbitMQ connection error:","service":"user-service","stack":"AggregateError [ECONNREFUSED]: \n    at internalConnectMultiple (node:net:1193:18)\n    at afterConnectMultiple (node:net:1783:7)","timestamp":"2026-08-18T05:14:40.635Z"}
{"code":"ECONNREFUSED","level":"error","message":"RabbitMQ connection error:","service":"user-service","stack":"AggregateError [ECONNREFUSED]: \n    at internalConnectMultiple (node:net:1193:18)\n    at afterConnectMultiple (node:net:1783:7)","timestamp":"2026-08-18T05:14:45.656Z"}
{"code":"ECONNREFUSED","level":"error","message":"RabbitMQ connection error:","service":"user-service","stack":"AggregateError [ECONNREFUSED]: \n    at internalConnectMultiple (node:net:1193:18)\n    at afterConnectMultiple (node:net:1783:7)","timestamp":"2026-08-18T05:14:50.686Z"}
{"code":"ECONNREFUSED","level":"error","message":"RabbitMQ connection error:","service":"user-service","stack":"AggregateError [ECONNREFUSED]: \n    at internalConnectMultiple (node:net:1193:18)\n    at afterConnectMultiple (node:net:1783:7)","timestamp":"2026-08-18T05:14:55.707Z"}
{"code":"ECONNREFUSED","level":"error","message":"RabbitMQ connection error:","service":"user-service","stack":"AggregateError [ECONNREFUSED]: \n    at internalConnectMultiple (node:net:1193:18)\n    at afterConnectMultiple (node:net:1783:7)","timestamp":"2026-08-18T05:15:00.726Z"}
{"code":"ECONNREFUSED","level":"error","message":"RabbitMQ connection error:","service":"user-service","stack":"AggregateError [ECONNREFUSED]: \n    at internalConnectMultiple (node:net:1193:18)\n    at afterConnectMultiple (node:net:1783:7)","timestamp":"2026-08-18T05:15:05.742Z"}
{"code":"ECONNREFUSED","level":"error","message":"RabbitMQ connection error:","service":"user-service","stack":"AggregateError [ECONNREFUSED]: \n    at internalConnectMultiple (node:net:1193:18)\n    at afterConnectMultiple (node:net:1783:7)","timestamp":"2026-08-18T05:15:10.762Z"}
{"code":"ECONNREFUSED","level":"error","message":"RabbitMQ connection error:","service":"user-service","stack":"AggregateError [ECONNREFUSED]: \n    at internalConnectMultiple (node:net:1193:18)\n    at afterConnectMultiple (node:net:1783:7)","timestamp":"2026-08-18T05:15:15.772Z"}
{"code":"ECONNREFUSED","level":"error","message":"RabbitMQ connection error:","service":"user-service","stack":"AggregateError [ECONNREFUSED]: \n    at internalConnectMultiple (node:net:1193:18)\n    at afterConnectMultiple (node:net:1783:7)","timestamp":"2026-08-18T05:15:20.784Z"}
{"code":"ECONNREFUSED","level":"error","message":"RabbitMQ connection error:","service":"user-service","stack":"AggregateError [ECONNREFUSED]: \n    at internalConnectMultiple (node:net:1193:18)\n    at afterConnectMultiple (node:net:1783:7)","timestamp":"2026-08-18T05:15:25.800Z"}
{"code":"ECONNREFUSED","level":"error","message":"RabbitMQ connection error:","service":"user-service","stack":"AggregateError [ECONNREFUSED]: \n    at internalConnectMultiple (node:net:1193:18)\n    at afterConnectMultiple (node:net:1783:7)","timestamp":"2026-08-18T05:15:30.813Z"}
{"code":"ECONNREFUSED","level":"error","message":"RabbitMQ connection error:","service":"user-service","stack":"AggregateError [ECONNREFUSED]: \n    at internalConnectMultiple (node:net:1193:18)\n    at afterConnectMultiple (node:net:1783:7)","timestamp":"2026-08-18T05:15:35.826Z"}
{"code":"ECONNREFUSED","level":"error","message":"RabbitMQ connection error:","service":"user-service","stack":"AggregateError [ECONNREFUSED]: \n    at internalConnectMultiple (node:net:1193:18)\n    at afterConnectMultiple (node:net:1783:7)","timestamp":"2026-08-18T05:15:40.835Z"}
{"code":"ECONNREFUSED","level":"error","message":"RabbitMQ connection error:","service":"user-service","stack":"AggregateError [ECONNREFUSED]: \n    at internalConnectMultiple (node:net:1193:18)\n    at afterConnectMultiple (node:net:1783:7)","timestamp":"2026-08-18T05:15:45.847Z"}
{"code":"ECONNREFUSED","level":"error","message":"RabbitMQ connection error:","service":"user-service","stack":"AggregateError [ECONNREFUSED]: \n    at internalConnectMultiple (node:net:1193:18)\n    at afterConnectMultiple (node:net:1783:7)","timestamp":"2026-08-18T05:15:50.853Z"}
{"code":"ECONNREFUSED","level":"error","message":"RabbitMQ connection error:","service":"user-service","stack":"AggregateError [ECONNREFUSED]: \n    at internalConnectMultiple (node:net:1193:18)\n    at afterConnectMultiple (node:net:1783:7)","timestamp":"2026-08-18T05:15:55.873Z"}
{"code":"ECONNREFUSED","level":"error","message":"RabbitMQ connection error:","service":"user-service","stack":"AggregateError [ECONNREFUSED]: \n    at internalConnectMultiple (node:net:1193:18)\n    at afterConnectMultiple (node:net:1783:7)","timestamp":"2026-08-18T05:16:00.889Z"}
{"code":"ECONNREFUSED","level":"error","message":"RabbitMQ connection error:","service":"user-service","stack":"AggregateError [ECONNREFUSED]: \n    at internalConnectMultiple (node:net:1193:18)\n    at afterConnectMultiple (node:net:1783:7)","timestamp":"2026-08-18T05:16:05.903Z"}
{"code":"ECONNREFUSED","level":"error","message":"RabbitMQ connection error:","service":"user-service","stack":"AggregateError [ECONNREFUSED]: \n    at internalConnectMultiple (node:net:1193:18)\n    at afterConnectMultiple (node:net:1783:7)","timestamp":"2026-08-18T05:16:10.914Z"}
{"code":"ECONNREFUSED","level":"error","message":"RabbitMQ connection error:","service":"user-service","stack":"AggregateError [ECONNREFUSED]: \n    at internalConnectMultiple (node:net:1193:18)\n    at afterConnectMultiple (node:net:1783:7)","timestamp":"2026-08-18T05:16:15.921Z"}
{"code":"ECONNREFUSED","level":"error","message":"RabbitMQ connection error:","service":"user-service","stack":"AggregateError [ECONNREFUSED]: \n    at internalConnectMultiple (node:net:1193:18)\n    at afterConnectMultiple (node:net:1783:7)","timestamp":"2026-08-18T05:16:20.935Z"}
{"code":"ECONNREFUSED","level":"error","message":"RabbitMQ connection error:","service":"user-service","stack":"AggregateError [ECONNREFUSED]: \n    at internalConnectMultiple (node:net:1193:18)\n    at afterConnectMultiple (node:net:1783:7)","timestamp":"2026-08-18T05:16:25.954Z"}
{"code":"ECONNREFUSED","level":"error","message":"RabbitMQ connection error:","service":"user-service","stack":"AggregateError [ECONNREFUSED]: \n    at internalConnectMultiple (node:net:1193:18)\n    at afterConnectMultiple (node:net:1783:7)","timestamp":"2026-08-18T05:16:30.972Z"}
{"code":"ECONNREFUSED","level":"error","message":"RabbitMQ connection error:","service":"user-service","stack":"AggregateError [ECONNREFUSED]: \n    at internalConnectMultiple (node:net:1193:18)\n    at afterConnectMultiple (node:net:1783:7)","timestamp":"2026-08-18T05:16:35.987Z"}
{"code":"ECONNREFUSED","level":"error","message":"RabbitMQ connection error:","service":"user-service","stack":"AggregateError [ECONNREFUSED]: \n    at internalConnectMultiple (node:net:1193:18)\n    at afterConnectMultiple (node:net:1783:7)","timestamp":"2026-08-18T05:16:40.992Z"}
{"code":"ECONNREFUSED","level":"error","message":"RabbitMQ connection error:","service":"user-service","stack":"AggregateError [ECONNREFUSED]: \n    at internalConnectMultiple (node:net:1193:18)\n    at afterConnectMultiple (node:net:1783:7)","timestamp":"2026-08-18T05:16:46.003Z"}
{"code":"ECONNREFUSED","level":"error","message":"RabbitMQ connection error:","service":"user-service","stack":"AggregateError [ECONNREFUSED]: \n    at internalConnectMultiple (node:net:1193:18)\n    at afterConnectMultiple (node:net:1783:7)","timestamp":"2026-08-18T05:16:51.011Z"}
{"code":"ECONNREFUSED","level":"error","message":"RabbitMQ connection error:","service":"user-service","stack":"AggregateError [ECONNREFUSED]: \n    at internalConnectMultiple (node:net:1193:18)\n    at afterConnectMultiple (node:net:1783:7)","timestamp":"2026-08-18T05:16:56.027Z"}
{"code":"ECONNREFUSED","level":"error","message":"RabbitMQ connection error:","service":"user-service","stack":"AggregateError [ECONNREFUSED]: \n    at internalConnectMultiple (node:net:1193:18)\n    at afterConnectMultiple (node:net:1783:7)","timestamp":"2026-08-18T05:17:01.046Z"}
{"code":"ECONNREFUSED","level":"error","message":"RabbitMQ connection error:","service":"user-service","stack":"AggregateError [ECONNREFUSED]: \n    at internalConnectMultiple (node:net:1193:18)\n    at afterConnectMultiple (node:net:1783:7)","timestamp":"2026-08-18T05:17:06.051Z"}
{"code":"ECONNREFUSED","level":"error","message":"RabbitMQ connection error:","service":"user-service","stack":"AggregateError [ECONNREFUSED]: \n    at internalConnectMultiple (node:net:1193:18)\n    at afterConnectMultiple (node:net:1783:7)","timestamp":"2026-08-18T05:17:11.060Z"}
{"code":"ECONNREFUSED","level":"error","message":"RabbitMQ connection error:","service":"user-service","stack":"AggregateError [ECONNREFUSED]: \n    at internalConnectMultiple (node:net:1193:18)\n    at afterConnectMultiple (node:net:1783:7)","timestamp":"2026-08-18T05:17:16.075Z"}
{"code":"ECONNREFUSED","level":"error","message":"RabbitMQ connection error:","service":"user-service","stack":"AggregateError [ECONNREFUSED]: \n    at internalConnectMultiple (node:net:1193:18)\n    at afterConnectMultiple (node:net:1783:7)","timestamp":"2026-08-18T05:17:21.088Z"}
{"code":"ECONNREFUSED","level":"error","message":"RabbitMQ connection error:","service":"user-service","stack":"AggregateError [ECONNREFUSED]: \n    at internalConnectMultiple (node:net:1193:18)\n    at afterConnectMultiple (node:net:1783:7)","timestamp":"2026-08-18T05:17:26.108Z"}
{"code":"ECONNREFUSED","level":"error","message":"RabbitMQ connection error:","service":"user-service","stack":"AggregateError [ECONNREFUSED]: \n    at internalConnectMultiple (node:net:1193:18)\n    at afterConnectMultiple (node:net:1783:7)","timestamp":"2026-08-18T05:17:31.118Z"}
{"code":"ECONNREFUSED","level":"error","message":"RabbitMQ connection error:","service":"user-service","stack":"AggregateError [ECONNREFUSED]: \n    at internalConnectMultiple (node:net:1193:18)\n    at afterConnectMultiple (node:net:1783:7)","timestamp":"2026-08-18T05:17:36.132Z"}
{"code":"ECONNREFUSED","level":"error","message":"RabbitMQ connection error:","service":"user-service","stack":"AggregateError [ECONNREFUSED]: \n    at internalConnectMultiple (node:net:1193:18)\n    at afterConnectMultiple (node:net:1783:7)","timestamp":"2026-08-18T05:17:41.137Z"}
{"code":"ECONNREFUSED","level":"error","message":"RabbitMQ connection error:","service":"user-service","stack":"AggregateError [ECONNREFUSED]: \n    at internalConnectMultiple (node:net:1193:18)\n    at afterConnectMultiple (node:net:1783:7)","timestamp":"2026-08-18T05:17:46.147Z"}
{"code":"ECONNREFUSED","level":"error","message":"RabbitMQ connection error:","service":"user-service","stack":"AggregateError [ECONNREFUSED]: \n    at internalConnectMultiple (node:net:1193:18)\n    at afterConnectMultiple (node:net:1783:7)","timestamp":"2026-08-18T05:17:51.160Z"}
{"code":"ECONNREFUSED","level":"error","message":"RabbitMQ connection error:","service":"user-service","stack":"AggregateError [ECONNREFUSED]: \n    at internalConnectMultiple (node:net:1193:18)\n    at afterConnectMultiple (node:net:1783:7)","timestamp":"2026-08-18T05:17:56.171Z"}
{"code":"ECONNREFUSED","level":"error","message":"RabbitMQ connection error:","service":"user-service","stack":"AggregateError [ECONNREFUSED]: \n    at internalConnectMultiple (node:net:1193:18)\n    at afterConnectMultiple (node:net:1783:7)","timestamp":"2026-08-18T05:18:01.189Z"}
{"code":"ECONNREFUSED","level":"error","message":"RabbitMQ connection error:","service":"user-service","stack":"AggregateError [ECONNREFUSED]: \n    at internalConnectMultiple (node:net:1193:18)\n    at afterConnectMultiple (node:net:1783:7)","timestamp":"2026-08-18T05:18:06.208Z"}
{"code":"ECONNREFUSED","level":"error","message":"RabbitMQ connection error:","service":"user-service","stack":"AggregateError [ECONNREFUSED]: \n    at internalConnectMultiple (node:net:1193:18)\n    at afterConnectMultiple (node:net:1783:7)","timestamp":"2026-08-18T05:18:11.223Z"}
{"code":"ECONNREFUSED","level":"error","message":"RabbitMQ connection error:","service":"user-service","stack":"AggregateError [ECONNREFUSED]: \n    at internalConnectMultiple (node:net:1193:18)\n    at afterConnectMultiple (node:net:1783:7)","timestamp":"2026-08-18T05:18:16.241Z"}
{"code":"ECONNREFUSED","level":"error","message":"RabbitMQ connection error:","service":"user-service","stack":"AggregateError [ECONNREFUSED]: \n    at internalConnectMultiple (node:net:1193:18)\n    at afterConnectMultiple (node:net:1783:7)","timestamp":"2026-08-18T05:18:21.257Z"}
{"code":"ECONNREFUSED","level":"error","message":"RabbitMQ connection error:","service":"user-service","stack":"AggregateError [ECONNREFUSED]: \n    at internalConnectMultiple (node:net:1193:18)\n    at afterConnectMultiple (node:net:1783:7)","timestamp":"2026-08-18T05:18:26.267Z"}
{"code":"ECONNREFUSED","level":"error","message":"RabbitMQ connection error:","service":"user-service","stack":"AggregateError [ECONNREFUSED]: \n    at internalConnectMultiple (node:net:1193:18)\n    at afterConnectMultiple (node:net:1783:7)","timestamp":"2026-08-18T05:18:31.285Z"}
{"code":"ECONNREFUSED","level":"error","message":"RabbitMQ connection error:","service":"user-service","stack":"AggregateError [ECONNREFUSED]: \n    at internalConnectMultiple (node:net:1193:18)\n    at afterConnectMultiple (node:net:1783:7)","timestamp":"2026-08-18T05:18:36.289Z"}
{"code":"ECONNREFUSED","level":"error","message":"RabbitMQ connection error:","service":"user-service","stack":"AggregateError [ECONNREFUSED]: \n    at internalConnectMultiple (node:net:1193:18)\n    at afterConnectMultiple (node:net:1783:7)","timestamp":"2026-08-18T05:18:41.300Z"}
{"code":"ECONNREFUSED","level":"error","message":"RabbitMQ connection error:","service":"user-service","stack":"AggregateError [ECONNREFUSED]: \n    at internalConnectMultiple (node:net:1193:18)\n    at afterConnectMultiple (node:net:1783:7)","timestamp":"2026-08-18T05:18:46.316Z"}
{"code":"ECONNREFUSED","level":"error","message":"RabbitMQ connection error:","service":"user-service","stack":"AggregateError [ECONNREFUSED]: \n    at internalConnectMultiple (node:net:1193:18)\n    at afterConnectMultiple (node:net:1783:7)","timestamp":"2026-08-18T05:18:51.334Z"}
{"code":"ECONNREFUSED","level":"error","message":"RabbitMQ connection error:","service":"user-service","stack":"AggregateError [ECONNREFUSED]: \n    at internalConnectMultiple (node:net:1193:18)\n    at afterConnectMultiple (node:net:1783:7)","timestamp":"2026-08-18T05:18:56.345Z"}
{"level":"info","message":"User Service connected to MongoDB","service":"user-service","timestamp":"2026-08-18T05:18:58.460Z"}
{"code":"ECONNREFUSED","level":"error","message":"RabbitMQ connection error:","service":"user-service","stack":"AggregateError [ECONNREFUSED]: \n    at internalConnectMultiple (node:net:1193:18)\n    at afterConnectMultiple (node:net:1783:7)","timestamp":"2026-08-18T05:18:58.474Z"}
{"level":"info","message":"User Service running on port 3001","service":"user-service","timestamp":"2026-08-18T05:18:58.479Z"}
{"code":"ECONNREFUSED","level":"error","message":"RabbitMQ connection error:","service":"user-service","stack":"AggregateError [ECONNREFUSED]: \n    at internalConnectMultiple (node:net:1193:18)\n    at afterConnectMultiple (node:net:1783:7)","timestamp":"2026-08-18T05:19:03.489Z"}
{"code":"ECONNREFUSED","level":"error","message":"RabbitMQ connection error:","service":"user-service","stack":"AggregateError [ECONNREFUSED]: \n    at internalConnectMultiple (node:net:1193:18)\n    at afterConnectMultiple (node:net:1783:7)","timestamp":"2026-08-18T05:19:08.507Z"}
{"code":"ECONNREFUSED","level":"error","message":"RabbitMQ connection error:","service":"user-service","stack":"AggregateError [ECONNREFUSED]: \n    at internalConnectMultiple (node:net:1193:18)\n    at afterConnectMultiple (node:net:1783:7)","timestamp":"2026-08-18T05:19:13.521Z"}
{"code":"ECONNREFUSED","level":"error","message":"RabbitMQ connection error:","service":"user-service","stack":"AggregateError [ECONNREFUSED]: \n    at internalConnectMultiple (node:net:1193:18)\n    at afterConnectMultiple (node:net:1783:7)","timestamp":"2026-08-18T05:19:18.536Z"}
{"code":"ECONNREFUSED","level":"error","message":"RabbitMQ connection error:","service":"user-service","stack":"AggregateError [ECONNREFUSED]: \n    at internalConnectMultiple (node:net:1193:18)\n    at afterConnectMultiple (node:net:1783:7)","timestamp":"2026-08-18T05:19:23.541Z"}
{"code":"ECONNREFUSED","level":"error","message":"RabbitMQ connection error:","service":"user-service","stack":"AggregateError [ECONNREFUSED]: \n    at internalConnectMultiple (node:net:1193:18)\n    at afterConnectMultiple (node:net:1783:7)","timestamp":"2026-08-18T05:19:28.549Z"}
{"code":"ECONNREFUSED","level":"error","message":"RabbitMQ connection error:","service":"user-service","stack":"AggregateError [ECONNREFUSED]: \n    at internalConnectMultiple (node:net:1193:18)\n    at afterConnectMultiple (node:net:1783:7)","timestamp":"2026-08-18T05:19:33.561Z"}
{"code":"ECONNREFUSED","level":"error","message":"RabbitMQ connection error:","service":"user-service","stack":"AggregateError [ECONNREFUSED]: \n    at internalConnectMultiple (node:net:1193:18)\n    at afterConnectMultiple (node:net:1783:7)","timestamp":"2026-08-18T05:19:38.568Z"}
{"code":"ECONNREFUSED","level":"error","message":"RabbitMQ connection error:","service":"user-service","stack":"AggregateError [ECONNREFUSED]: \n    at internalConnectMultiple (node:net:1193:18)\n    at afterConnectMultiple (node:net:1783:7)","timestamp":"2026-08-18T05:19:43.579Z"}
{"code":"ECONNREFUSED","level":"error","message":"RabbitMQ connection error:","service":"user-service","stack":"AggregateError [ECONNREFUSED]: \n    at internalConnectMultiple (node:net:1193:18)\n    at afterConnectMultiple (node:net:1783:7)","timestamp":"2026-08-18T05:19:48.596Z"}
{"code":"ECONNREFUSED","level":"error","message":"RabbitMQ connection error:","service":"user-service","stack":"AggregateError [ECONNREFUSED]: \n    at internalConnectMultiple (node:net:1193:18)\n    at afterConnectMultiple (node:net:1783:7)","timestamp":"2026-08-18T05:19:53.609Z"}
{"code":"ECONNREFUSED","level":"error","message":"RabbitMQ connection error:","service":"user-service","stack":"AggregateError [ECONNREFUSED]: \n    at internalConnectMultiple (node:net:1193:18)\n    at afterConnectMultiple (node:net:1783:7)","timestamp":"2026-08-18T05:19:58.630Z"}
{"code":"ECONNREFUSED","level":"error","message":"RabbitMQ connection error:","service":"user-service","stack":"AggregateError [ECONNREFUSED]: \n    at internalConnectMultiple (node:net:1193:18)\n    at afterConnectMultiple (node:net:1783:7)","timestamp":"2026-08-18T05:20:03.639Z"}
{"code":"ECONNREFUSED","level":"error","message":"RabbitMQ connection error:","service":"user-service","stack":"AggregateError [ECONNREFUSED]: \n    at internalConnectMultiple (node:net:1193:18)\n    at afterConnectMultiple (node:net:1783:7)","timestamp":"2026-08-18T05:20:08.649Z"}
{"code":"ECONNREFUSED","level":"error","message":"RabbitMQ connection error:","service":"user-service","stack":"AggregateError [ECONNREFUSED]: \n    at internalConnectMultiple (node:net:1193:18)\n    at afterConnectMultiple (node:net:1783:7)","timestamp":"2026-08-18T05:20:13.667Z"}
{"code":"ECONNREFUSED","level":"error","message":"RabbitMQ connection error:","service":"user-service","stack":"AggregateError [ECONNREFUSED]: \n    at internalConnectMultiple (node:net:1193:18)\n    at afterConnectMultiple (node:net:1783:7)","timestamp":"2026-08-18T05:20:18.672Z"}
{"code":"ECONNREFUSED","level":"error","message":"RabbitMQ connection error:","service":"user-service","stack":"AggregateError [ECONNREFUSED]: \n    at internalConnectMultiple (node:net:1193:18)\n    at afterConnectMultiple (node:net:1783:7)","timestamp":"2026-08-18T05:20:23.677Z"}
{"code":"ECONNREFUSED","level":"error","message":"RabbitMQ connection error:","service":"user-service","stack":"AggregateError [ECONNREFUSED]: \n    at internalConnectMultiple (node:net:1193:18)\n    at afterConnectMultiple (node:net:1783:7)","timestamp":"2026-08-18T05:20:28.691Z"}
{"code":"ECONNREFUSED","level":"error","message":"RabbitMQ connection error:","service":"user-service","stack":"AggregateError [ECONNREFUSED]: \n    at internalConnectMultiple (node:net:1193:18)\n    at afterConnectMultiple (node:net:1783:7)","timestamp":"2026-08-18T05:20:33.699Z"}
{"code":"ECONNREFUSED","level":"error","message":"RabbitMQ connection error:","service":"user-service","stack":"AggregateError [ECONNREFUSED]: \n    at internalConnectMultiple (node:net:1193:18)\n    at afterConnectMultiple (node:net:1783:7)","timestamp":"2026-08-18T05:20:38.711Z"}
{"code":"ECONNREFUSED","level":"error","message":"RabbitMQ connection error:","service":"user-service","stack":"AggregateError [ECONNREFUSED]: \n    at internalConnectMultiple (node:net:1193:18)\n    at afterConnectMultiple (node:net:1783:7)","timestamp":"2026-08-18T05:20:43.721Z"}
{"code":"ECONNREFUSED","level":"error","message":"RabbitMQ connection error:","service":"user-service","stack":"AggregateError [ECONNREFUSED]: \n    at internalConnectMultiple (node:net:1193:18)\n    at afterConnectMultiple (node:net:1783:7)","timestamp":"2026-08-18T05:20:48.738Z"}
{"code":"ECONNREFUSED","level":"error","message":"RabbitMQ connection error:","service":"user-service","stack":"AggregateError [ECONNREFUSED]: \n    at internalConnectMultiple (node:net:1193:18)\n    at afterConnectMultiple (node:net:1783:7)","timestamp":"2026-08-18T05:20:53.754Z"}
{"code":"ECONNREFUSED","level":"error","message":"RabbitMQ connection error:","service":"user-service","stack":"AggregateError [ECONNREFUSED]: \n    at internalConnectMultiple (node:net:1193:18)\n    at afterConnectMultiple (node:net:1783:7)","timestamp":"2026-08-18T05:20:58.769Z"}
{"code":"ECONNREFUSED","level":"error","message":"RabbitMQ connection error:","service":"user-service","stack":"AggregateError [ECONNREFUSED]: \n    at internalConnectMultiple (node:net:1193:18)\n    at afterConnectMultiple (node:net:1783:7)","timestamp":"2026-08-18T05:21:03.788Z"}
{"code":"ECONNREFUSED","level":"error","message":"RabbitMQ connection error:","service":"user-service","stack":"AggregateError [ECONNREFUSED]: \n    at internalConnectMultiple (node:net:1193:18)\n    at afterConnectMultiple (node:net:1783:7)","timestamp":"2026-08-18T05:21:08.805Z"}
{"code":"ECONNREFUSED","level":"error","message":"RabbitMQ connection error:","service":"user-service","stack":"AggregateError [ECONNREFUSED]: \n    at internalConnectMultiple (node:net:1193:18)\n    at afterConnectMultiple (node:net:1783:7)","timestamp":"2026-08-18T05:21:13.820Z"}
{"code":"ECONNREFUSED","level":"error","message":"RabbitMQ connection error:","service":"user-service","stack":"AggregateError [ECONNREFUSED]: \n    at internalConnectMultiple (node:net:1193:18)\n    at afterConnectMultiple (node:net:1783:7)","timestamp":"2026-08-18T05:21:18.839Z"}
{"code":"ECONNREFUSED","level":"error","message":"RabbitMQ connection error:","service":"user-service","stack":"AggregateError [ECONNREFUSED]: \n    at internalConnectMultiple (node:net:1193:18)\n    at afterConnectMultiple (node:net:1783:7)","timestamp":"2026-08-18T05:21:23.844Z"}
{"code":"ECONNREFUSED","level":"error","message":"RabbitMQ connection error:","service":"user-service","stack":"AggregateError [ECONNREFUSED]: \n    at internalConnectMultiple (node:net:1193:18)\n    at afterConnectMultiple (node:net:1783:7)","timestamp":"2026-08-18T05:21:28.853Z"}
{"level":"info","message":"User Service connected to MongoDB","service":"user-service","timestamp":"2026-08-18T05:21:29.911Z"}
{"code":"ECONNREFUSED","level":"error","message":"RabbitMQ connection error:","service":"user-service","stack":"AggregateError [ECONNREFUSED]: \n    at internalConnectMultiple (node:net:1193:18)\n    at afterConnectMultiple (node:net:1783:7)","timestamp":"2026-08-18T05:21:29.930Z"}
{"level":"info","message":"User Service running on port 3001","service":"user-service","timestamp":"2026-08-18T05:21:29.934Z"}
{"code":"ECONNREFUSED","level":"error","message":"RabbitMQ connection error:","service":"user-service","stack":"AggregateError [ECONNREFUSED]: \n    at internalConnectMultiple (node:net:1193:18)\n    at afterConnectMultiple (node:net:1783:7)","timestamp":"2026-08-18T05:21:34.949Z"}
{"code":"ECONNREFUSED","level":"error","message":"RabbitMQ connection error:","service":"user-service","stack":"AggregateError [ECONNREFUSED]: \n    at internalConnectMultiple (node:net:1193:18)\n    at afterConnectMultiple (node:net:1783:7)","timestamp":"2026-08-18T05:21:39.968Z"}
{"code":"ECONNREFUSED","level":"error","message":"RabbitMQ connection error:","service":"user-service","stack":"AggregateError [ECONNREFUSED]: \n    at internalConnectMultiple (node:net:1193:18)\n    at afterConnectMultiple (node:net:1783:7)","timestamp":"2026-08-18T05:21:44.990Z"}
{"level":"info","message":"User Service connected to MongoDB","service":"user-service","timestamp":"2026-08-18T05:21:46.293Z"}
{"code":"ECONNREFUSED","level":"error","message":"RabbitMQ connection error:","service":"user-service","stack":"AggregateError [ECONNREFUSED]: \n    at internalConnectMultiple (node:net:1193:18)\n    at afterConnectMultiple (node:net:1783:7)","timestamp":"2026-08-18T05:21:46.301Z"}
{"level":"info","message":"User Service running on port 3001","service":"user-service","timestamp":"2026-08-18T05:21:46.304Z"}
{"level":"info","message":"User Service connected to MongoDB","service":"user-service","timestamp":"2026-08-18T05:21:51.698Z"}
{"code":"ECONNREFUSED","level":"error","message":"RabbitMQ connection error:","service":"user-service","stack":"AggregateError [ECONNREFUSED]: \n    at internalConnectMultiple (node:net:1193:18)\n    at afterConnectMultiple (node:net:1783:7)","timestamp":"2026-08-18T05:21:51.712Z"}
{"level":"info","message":"User Service running on port 3001","service":"user-service","timestamp":"2026-08-18T05:21:51.718Z"}
{"code":"ECONNREFUSED","level":"error","message":"RabbitMQ connection error:","service":"user-service","stack":"AggregateError [ECONNREFUSED]: \n    at internalConnectMultiple (node:net:1193:18)\n    at afterConnectMultiple (node:net:1783:7)","timestamp":"2026-08-18T05:21:56.728Z"}
{"code":"ECONNREFUSED","level":"error","message":"RabbitMQ connection error:","service":"user-service","stack":"AggregateError [ECONNREFUSED]: \n    at internalConnectMultiple (node:net:1193:18)\n    at afterConnectMultiple (node:net:1783:7)","timestamp":"2026-08-18T05:22:01.743Z"}
{"code":"ECONNREFUSED","level":"error","message":"RabbitMQ connection error:","service":"user-service","stack":"AggregateError [ECONNREFUSED]: \n    at internalConnectMultiple (node:net:1193:18)\n    at afterConnectMultiple (node:net:1783:7)","timestamp":"2026-08-18T05:22:06.760Z"}
{"code":"ECONNREFUSED","level":"error","message":"RabbitMQ connection error:","service":"user-service","stack":"AggregateError [ECONNREFUSED]: \n    at internalConnectMultiple (node:net:1193:18)\n    at afterConnectMultiple (node:net:1783:7)","timestamp":"2026-08-18T05:22:11.765Z"}
{"code":"ECONNREFUSED","level":"error","message":"RabbitMQ connection error:","service":"user-service","stack":"AggregateError [ECONNREFUSED]: \n    at internalConnectMultiple (node:net:1193:18)\n    at afterConnectMultiple (node:net:1783:7)","timestamp":"2026-08-18T05:22:16.771Z"}
{"code":"ECONNREFUSED","level":"error","message":"RabbitMQ connection error:","service":"user-service","stack":"AggregateError [ECONNREFUSED]: \n    at internalConnectMultiple (node:net:1193:18)\n    at afterConnectMultiple (node:net:1783:7)","timestamp":"2026-08-18T05:22:21.789Z"}
{"code":"ECONNREFUSED","level":"error","message":"RabbitMQ connection error:","service":"user-service","stack":"AggregateError [ECONNREFUSED]: \n    at internalConnectMultiple (node:net:1193:18)\n    at afterConnectMultiple (node:net:1783:7)","timestamp":"2026-08-18T05:22:26.811Z"}
{"code":"ECONNREFUSED","level":"error","message":"RabbitMQ connection error:","service":"user-service","stack":"AggregateError [ECONNREFUSED]: \n    at internalConnectMultiple (node:net:1193:18)\n    at afterConnectMultiple (node:net:1783:7)","timestamp":"2026-08-18T05:22:31.822Z"}
{"code":"ECONNREFUSED","level":"error","message":"RabbitMQ connection error:","service":"user-service","stack":"AggregateError [ECONNREFUSED]: \n    at internalConnectMultiple (node:net:1193:18)\n    at afterConnectMultiple (node:net:1783:7)","timestamp":"2026-08-18T05:22:36.841Z"}
{"code":"ECONNREFUSED","level":"error","message":"RabbitMQ connection error:","service":"user-service","stack":"AggregateError [ECONNREFUSED]: \n    at internalConnectMultiple (node:net:1193:18)\n    at afterConnectMultiple (node:net:1783:7)","timestamp":"2026-08-18T05:22:41.854Z"}
{"code":"ECONNREFUSED","level":"error","message":"RabbitMQ connection error:","service":"user-service","stack":"AggregateError [ECONNREFUSED]: \n    at internalConnectMultiple (node:net:1193:18)\n    at afterConnectMultiple (node:net:1783:7)","timestamp":"2026-08-18T05:22:46.868Z"}
{"code":"ECONNREFUSED","level":"error","message":"RabbitMQ connection error:","service":"user-service","stack":"AggregateError [ECONNREFUSED]: \n    at internalConnectMultiple (node:net:1193:18)\n    at afterConnectMultiple (node:net:1783:7)","timestamp":"2026-08-18T05:22:51.872Z"}
{"code":"ECONNREFUSED","level":"error","message":"RabbitMQ connection error:","service":"user-service","stack":"AggregateError [ECONNREFUSED]: \n    at internalConnectMultiple (node:net:1193:18)\n    at afterConnectMultiple (node:net:1783:7)","timestamp":"2026-08-18T05:22:56.892Z"}
{"code":"ECONNREFUSED","level":"error","message":"RabbitMQ connection error:","service":"user-service","stack":"AggregateError [ECONNREFUSED]: \n    at internalConnectMultiple (node:net:1193:18)\n    at afterConnectMultiple (node:net:1783:7)","timestamp":"2026-08-18T05:23:01.907Z"}
{"code":"ECONNREFUSED","level":"error","message":"RabbitMQ connection error:","service":"user-service","stack":"AggregateError [ECONNREFUSED]: \n    at internalConnectMultiple (node:net:1193:18)\n    at afterConnectMultiple (node:net:1783:7)","timestamp":"2026-08-18T05:23:06.925Z"}
{"code":"ECONNREFUSED","level":"error","message":"RabbitMQ connection error:","service":"user-service","stack":"AggregateError [ECONNREFUSED]: \n    at internalConnectMultiple (node:net:1193:18)\n    at afterConnectMultiple (node:net:1783:7)","timestamp":"2026-08-18T05:23:11.942Z"}
{"code":"ECONNREFUSED","level":"error","message":"RabbitMQ connection error:","service":"user-service","stack":"AggregateError [ECONNREFUSED]: \n    at internalConnectMultiple (node:net:1193:18)\n    at afterConnectMultiple (node:net:1783:7)","timestamp":"2026-08-18T05:23:16.957Z"}
{"code":"ECONNREFUSED","level":"error","message":"RabbitMQ connection error:","service":"user-service","stack":"AggregateError [ECONNREFUSED]: \n    at internalConnectMultiple (node:net:1193:18)\n    at afterConnectMultiple (node:net:1783:7)","timestamp":"2026-08-18T05:23:21.976Z"}
{"code":"ECONNREFUSED","level":"error","message":"RabbitMQ connection error:","service":"user-service","stack":"AggregateError [ECONNREFUSED]: \n    at internalConnectMultiple (node:net:1193:18)\n    at afterConnectMultiple (node:net:1783:7)","timestamp":"2026-08-18T05:23:26.987Z"}
{"code":"ECONNREFUSED","level":"error","message":"RabbitMQ connection error:","service":"user-service","stack":"AggregateError [ECONNREFUSED]: \n    at internalConnectMultiple (node:net:1193:18)\n    at afterConnectMultiple (node:net:1783:7)","timestamp":"2026-08-18T05:23:32.005Z"}
{"code":"ECONNREFUSED","level":"error","message":"RabbitMQ connection error:","service":"user-service","stack":"AggregateError [ECONNREFUSED]: \n    at internalConnectMultiple (node:net:1193:18)\n    at afterConnectMultiple (node:net:1783:7)","timestamp":"2026-08-18T05:23:37.013Z"}
{"code":"ECONNREFUSED","level":"error","message":"RabbitMQ connection error:","service":"user-service","stack":"AggregateError [ECONNREFUSED]: \n    at internalConnectMultiple (node:net:1193:18)\n    at afterConnectMultiple (node:net:1783:7)","timestamp":"2026-08-18T05:23:42.030Z"}
{"code":"ECONNREFUSED","level":"error","message":"RabbitMQ connection error:","service":"user-service","stack":"AggregateError [ECONNREFUSED]: \n    at internalConnectMultiple (node:net:1193:18)\n    at afterConnectMultiple (node:net:1783:7)","timestamp":"2026-08-18T05:23:47.036Z"}
{"code":"ECONNREFUSED","level":"error","message":"RabbitMQ connection error:","service":"user-service","stack":"AggregateError [ECONNREFUSED]: \n    at internalConnectMultiple (node:net:1193:18)\n    at afterConnectMultiple (node:net:1783:7)","timestamp":"2026-08-18T05:23:52.051Z"}
{"code":"ECONNREFUSED","level":"error","message":"RabbitMQ connection error:","service":"user-service","stack":"AggregateError [ECONNREFUSED]: \n    at internalConnectMultiple (node:net:1193:18)\n    at afterConnectMultiple (node:net:1783:7)","timestamp":"2026-08-18T05:23:57.075Z"}
{"code":"ECONNREFUSED","level":"error","message":"RabbitMQ connection error:","service":"user-service","stack":"AggregateError [ECONNREFUSED]: \n    at internalConnectMultiple (node:net:1193:18)\n    at afterConnectMultiple (node:net:1783:7)","timestamp":"2026-08-18T05:24:02.079Z"}
{"code":"ECONNREFUSED","level":"error","message":"RabbitMQ connection error:","service":"user-service","stack":"AggregateError [ECONNREFUSED]: \n    at internalConnectMultiple (node:net:1193:18)\n    at afterConnectMultiple (node:net:1783:7)","timestamp":"2026-08-18T05:24:07.087Z"}
{"code":"ECONNREFUSED","level":"error","message":"RabbitMQ connection error:","service":"user-service","stack":"AggregateError [ECONNREFUSED]: \n    at internalConnectMultiple (node:net:1193:18)\n    at afterConnectMultiple (node:net:1783:7)","timestamp":"2026-08-18T05:24:12.100Z"}
{"code":"ECONNREFUSED","level":"error","message":"RabbitMQ connection error:","service":"user-service","stack":"AggregateError [ECONNREFUSED]: \n    at internalConnectMultiple (node:net:1193:18)\n    at afterConnectMultiple (node:net:1783:7)","timestamp":"2026-08-18T05:24:17.109Z"}
{"code":"ECONNREFUSED","level":"error","message":"RabbitMQ connection error:","service":"user-service","stack":"AggregateError [ECONNREFUSED]: \n    at internalConnectMultiple (node:net:1193:18)\n    at afterConnectMultiple (node:net:1783:7)","timestamp":"2026-08-18T05:24:22.127Z"}
{"code":"ECONNREFUSED","level":"error","message":"RabbitMQ connection error:","service":"user-service","stack":"AggregateError [ECONNREFUSED]: \n    at internalConnectMultiple (node:net:1193:18)\n    at afterConnectMultiple (node:net:1783:7)","timestamp":"2026-08-18T05:24:27.142Z"}
{"code":"ECONNREFUSED","level":"error","message":"RabbitMQ connection error:","service":"user-service","stack":"AggregateError [ECONNREFUSED]: \n    at internalConnectMultiple (node:net:1193:18)\n    at afterConnectMultiple (node:net:1783:7)","timestamp":"2026-08-18T05:24:32.161Z"}
{"code":"ECONNREFUSED","level":"error","message":"RabbitMQ connection error:","service":"user-service","stack":"AggregateError [ECONNREFUSED]: \n    at internalConnectMultiple (node:net:1193:18)\n    at afterConnectMultiple (node:net:1783:7)","timestamp":"2026-08-18T05:24:37.178Z"}
{"code":"ECONNREFUSED","level":"error","message":"RabbitMQ connection error:","service":"user-service","stack":"AggregateError [ECONNREFUSED]: \n    at internalConnectMultiple (node:net:1193:18)\n    at afterConnectMultiple (node:net:1783:7)","timestamp":"2026-08-18T05:24:42.191Z"}
{"code":"ECONNREFUSED","level":"error","message":"RabbitMQ connection error:","service":"user-service","stack":"AggregateError [ECONNREFUSED]: \n    at internalConnectMultiple (node:net:1193:18)\n    at afterConnectMultiple (node:net:1783:7)","timestamp":"2026-08-18T05:24:47.203Z"}
{"code":"ECONNREFUSED","level":"error","message":"RabbitMQ connection error:","service":"user-service","stack":"AggregateError [ECONNREFUSED]: \n    at internalConnectMultiple (node:net:1193:18)\n    at afterConnectMultiple (node:net:1783:7)","timestamp":"2026-08-18T05:24:52.214Z"}
{"code":"ECONNREFUSED","level":"error","message":"RabbitMQ connection error:","service":"user-service","stack":"AggregateError [ECONNREFUSED]: \n    at internalConnectMultiple (node:net:1193:18)\n    at afterConnectMultiple (node:net:1783:7)","timestamp":"2026-08-18T05:24:57.228Z"}
{"code":"ECONNREFUSED","level":"error","message":"RabbitMQ connection error:","service":"user-service","stack":"AggregateError [ECONNREFUSED]: \n    at internalConnectMultiple (node:net:1193:18)\n    at afterConnectMultiple (node:net:1783:7)","timestamp":"2026-08-18T05:25:02.242Z"}
{"code":"ECONNREFUSED","level":"error","message":"RabbitMQ connection error:","service":"user-service","stack":"AggregateError [ECONNREFUSED]: \n    at internalConnectMultiple (node:net:1193:18)\n    at afterConnectMultiple (node:net:1783:7)","timestamp":"2026-08-18T05:25:07.250Z"}
{"code":"ECONNREFUSED","level":"error","message":"RabbitMQ connection error:","service":"user-service","stack":"AggregateError [ECONNREFUSED]: \n    at internalConnectMultiple (node:net:1193:18)\n    at afterConnectMultiple (node:net:1783:7)","timestamp":"2026-08-18T05:25:12.262Z"}
{"code":"ECONNREFUSED","level":"error","message":"RabbitMQ connection error:","service":"user-service","stack":"AggregateError [ECONNREFUSED]: \n    at internalConnectMultiple (node:net:1193:18)\n    at afterConnectMultiple (node:net:1783:7)","timestamp":"2026-08-18T05:25:17.269Z"}
{"code":"ECONNREFUSED","level":"error","message":"RabbitMQ connection error:","service":"user-service","stack":"AggregateError [ECONNREFUSED]: \n    at internalConnectMultiple (node:net:1193:18)\n    at afterConnectMultiple (node:net:1783:7)","timestamp":"2026-08-18T05:25:22.282Z"}
{"code":"ECONNREFUSED","level":"error","message":"RabbitMQ connection error:","service":"user-service","stack":"AggregateError [ECONNREFUSED]: \n    at internalConnectMultiple (node:net:1193:18)\n    at afterConnectMultiple (node:net:1783:7)","timestamp":"2026-08-18T05:25:27.294Z"}
{"code":"ECONNREFUSED","level":"error","message":"RabbitMQ connection error:","service":"user-service","stack":"AggregateError [ECONNREFUSED]: \n    at internalConnectMultiple (node:net:1193:18)\n    at afterConnectMultiple (node:net:1783:7)","timestamp":"2026-08-18T05:25:32.312Z"}
{"code":"ECONNREFUSED","level":"error","message":"RabbitMQ connection error:","service":"user-service","stack":"AggregateError [ECONNREFUSED]: \n    at internalConnectMultiple (node:net:1193:18)\n    at afterConnectMultiple (node:net:1783:7)","timestamp":"2026-08-18T05:25:37.324Z"}
{"code":"ECONNREFUSED","level":"error","message":"RabbitMQ connection error:","service":"user-service","stack":"AggregateError [ECONNREFUSED]: \n    at internalConnectMultiple (node:net:1193:18)\n    at afterConnectMultiple (node:net:1783:7)","timestamp":"2026-08-18T05:25:42.340Z"}
{"code":"ECONNREFUSED","level":"error","message":"RabbitMQ connection error:","service":"user-service","stack":"AggregateError [ECONNREFUSED]: \n    at internalConnectMultiple (node:net:1193:18)\n    at afterConnectMultiple (node:net:1783:7)","timestamp":"2026-08-18T05:25:47.347Z"}
{"code":"ECONNREFUSED","level":"error","message":"RabbitMQ connection error:","service":"user-service","stack":"AggregateError [ECONNREFUSED]: \n    at internalConnectMultiple (node:net:1193:18)\n    at afterConnectMultiple (node:net:1783:7)","timestamp":"2026-08-18T05:25:52.368Z"}
{"code":"ECONNREFUSED","level":"error","message":"RabbitMQ connection error:","service":"user-service","stack":"AggregateError [ECONNREFUSED]: \n    at internalConnectMultiple (node:net:1193:18)\n    at afterConnectMultiple (node:net:1783:7)","timestamp":"2026-08-18T05:25:57.380Z"}
{"code":"ECONNREFUSED","level":"error","message":"RabbitMQ connection error:","service":"user-service","stack":"AggregateError [ECONNREFUSED]: \n    at internalConnectMultiple (node:net:1193:18)\n    at afterConnectMultiple (node:net:1783:7)","timestamp":"2026-08-18T05:26:02.387Z"}
{"code":"ECONNREFUSED","level":"error","message":"RabbitMQ connection error:","service":"user-service","stack":"AggregateError [ECONNREFUSED]: \n    at internalConnectMultiple (node:net:1193:18)\n    at afterConnectMultiple (node:net:1783:7)","timestamp":"2026-08-18T05:26:07.395Z"}
{"code":"ECONNREFUSED","level":"error","message":"RabbitMQ connection error:","service":"user-service","stack":"AggregateError [ECONNREFUSED]: \n    at internalConnectMultiple (node:net:1193:18)\n    at afterConnectMultiple (node:net:1783:7)","timestamp":"2026-08-18T05:26:12.408Z"}
{"code":"ECONNREFUSED","level":"error","message":"RabbitMQ connection error:","service":"user-service","stack":"AggregateError [ECONNREFUSED]: \n    at internalConnectMultiple (node:net:1193:18)\n    at afterConnectMultiple (node:net:1783:7)","timestamp":"2026-08-18T05:26:17.417Z"}
{"code":"ECONNREFUSED","level":"error","message":"RabbitMQ connection error:","service":"user-service","stack":"AggregateError [ECONNREFUSED]: \n    at internalConnectMultiple (node:net:1193:18)\n    at afterConnectMultiple (node:net:1783:7)","timestamp":"2026-08-18T05:26:22.437Z"}
{"code":"ECONNREFUSED","level":"error","message":"RabbitMQ connection error:","service":"user-service","stack":"AggregateError [ECONNREFUSED]: \n    at internalConnectMultiple (node:net:1193:18)\n    at afterConnectMultiple (node:net:1783:7)","timestamp":"2026-08-18T05:26:27.447Z"}
{"code":"ECONNREFUSED","level":"error","message":"RabbitMQ connection error:","service":"user-service","stack":"AggregateError [ECONNREFUSED]: \n    at internalConnectMultiple (node:net:1193:18)\n    at afterConnectMultiple (node:net:1783:7)","timestamp":"2026-08-18T05:26:32.452Z"}
{"code":"ECONNREFUSED","level":"error","message":"RabbitMQ connection error:","service":"user-service","stack":"AggregateError [ECONNREFUSED]: \n    at internalConnectMultiple (node:net:1193:18)\n    at afterConnectMultiple (node:net:1783:7)","timestamp":"2026-08-18T05:26:37.469Z"}
{"code":"ECONNREFUSED","level":"error","message":"RabbitMQ connection error:","service":"user-service","stack":"AggregateError [ECONNREFUSED]: \n    at internalConnectMultiple (node:net:1193:18)\n    at afterConnectMultiple (node:net:1783:7)","timestamp":"2026-08-18T05:26:42.481Z"}
{"code":"ECONNREFUSED","level":"error","message":"RabbitMQ connection error:","service":"user-service","stack":"AggregateError [ECONNREFUSED]: \n    at internalConnectMultiple (node:net:1193:18)\n    at afterConnectMultiple (node:net:1783:7)","timestamp":"2026-08-18T05:26:47.493Z"}
{"code":"ECONNREFUSED","level":"error","message":"RabbitMQ connection error:","service":"user-service","stack":"AggregateError [ECONNREFUSED]: \n    at internalConnectMultiple (node:net:1193:18)\n    at afterConnectMultiple (node:net:1783:7)","timestamp":"2026-08-18T05:26:52.504Z"}
{"code":"ECONNREFUSED","level":"error","message":"RabbitMQ connection error:","service":"user-service","stack":"AggregateError [ECONNREFUSED]: \n    at internalConnectMultiple (node:net:1193:18)\n    at afterConnectMultiple (node:net:1783:7)","timestamp":"2026-08-18T05:26:57.523Z"}
{"code":"ECONNREFUSED","level":"error","message":"RabbitMQ connection error:","service":"user-service","stack":"AggregateError [ECONNREFUSED]: \n    at internalConnectMultiple (node:net:1193:18)\n    at afterConnectMultiple (node:net:1783:7)","timestamp":"2026-08-18T05:27:02.542Z"}
{"code":"ECONNREFUSED","level":"error","message":"RabbitMQ connection error:","service":"user-service","stack":"AggregateError [ECONNREFUSED]: \n    at internalConnectMultiple (node:net:1193:18)\n    at afterConnectMultiple (node:net:1783:7)","timestamp":"2026-08-18T05:27:07.555Z"}
{"code":"ECONNREFUSED","level":"error","message":"RabbitMQ connection error:","service":"user-service","stack":"AggregateError [ECONNREFUSED]: \n    at internalConnectMultiple (node:net:1193:18)\n    at afterConnectMultiple (node:net:1783:7)","timestamp":"2026-08-18T05:27:12.565Z"}
{"code":"ECONNREFUSED","level":"error","message":"RabbitMQ connection error:","service":"user-service","stack":"AggregateError [ECONNREFUSED]: \n    at internalConnectMultiple (node:net:1193:18)\n    at afterConnectMultiple (node:net:1783:7)","timestamp":"2026-08-18T05:27:17.581Z"}
{"code":"ECONNREFUSED","level":"error","message":"RabbitMQ connection error:","service":"user-service","stack":"AggregateError [ECONNREFUSED]: \n    at internalConnectMultiple (node:net:1193:18)\n    at afterConnectMultiple (node:net:1783:7)","timestamp":"2026-08-18T05:27:22.596Z"}
{"code":"ECONNREFUSED","level":"error","message":"RabbitMQ connection error:","service":"user-service","stack":"AggregateError [ECONNREFUSED]: \n    at internalConnectMultiple (node:net:1193:18)\n    at afterConnectMultiple (node:net:1783:7)","timestamp":"2026-08-18T05:27:27.607Z"}
{"code":"ECONNREFUSED","level":"error","message":"RabbitMQ connection error:","service":"user-service","stack":"AggregateError [ECONNREFUSED]: \n    at internalConnectMultiple (node:net:1193:18)\n    at afterConnectMultiple (node:net:1783:7)","timestamp":"2026-08-18T05:27:32.625Z"}
{"code":"ECONNREFUSED","level":"error","message":"RabbitMQ connection error:","service":"user-service","stack":"AggregateError [ECONNREFUSED]: \n    at internalConnectMultiple (node:net:1193:18)\n    at afterConnectMultiple (node:net:1783:7)","timestamp":"2026-08-18T05:27:37.631Z"}
{"code":"ECONNREFUSED","level":"error","message":"RabbitMQ connection error:","service":"user-service","stack":"AggregateError [ECONNREFUSED]: \n    at internalConnectMultiple (node:net:1193:18)\n    at afterConnectMultiple (node:net:1783:7)","timestamp":"2026-08-18T05:27:42.641Z"}
{"code":"ECONNREFUSED","level":"error","message":"RabbitMQ connection error:","service":"user-service","stack":"AggregateError [ECONNREFUSED]: \n    at internalConnectMultiple (node:net:1193:18)\n    at afterConnectMultiple (node:net:1783:7)","timestamp":"2026-08-18T05:27:47.650Z"}
{"code":"ECONNREFUSED","level":"error","message":"RabbitMQ connection error:","service":"user-service","stack":"AggregateError [ECONNREFUSED]: \n    at internalConnectMultiple (node:net:1193:18)\n    at afterConnectMultiple (node:net:1783:7)","timestamp":"2026-08-18T05:27:52.663Z"}
{"code":"ECONNREFUSED","level":"error","message":"RabbitMQ connection error:","service":"user-service","stack":"AggregateError [ECONNREFUSED]: \n    at internalConnectMultiple (node:net:1193:18)\n    at afterConnectMultiple (node:net:1783:7)","timestamp":"2026-08-18T05:27:57.680Z"}
{"code":"ECONNREFUSED","level":"error","message":"RabbitMQ connection error:","service":"user-service","stack":"AggregateError [ECONNREFUSED]: \n    at internalConnectMultiple (node:net:1193:18)\n    at afterConnectMultiple (node:net:1783:7)","timestamp":"2026-08-18T05:28:02.696Z"}
{"code":"ECONNREFUSED","level":"error","message":"RabbitMQ connection error:","service":"user-service","stack":"AggregateError [ECONNREFUSED]: \n    at internalConnectMultiple (node:net:1193:18)\n    at afterConnectMultiple (node:net:1783:7)","timestamp":"2026-08-18T05:28:07.707Z"}
{"code":"ECONNREFUSED","level":"error","message":"RabbitMQ connection error:","service":"user-service","stack":"AggregateError [ECONNREFUSED]: \n    at internalConnectMultiple (node:net:1193:18)\n    at afterConnectMultiple (node:net:1783:7)","timestamp":"2026-08-18T05:28:12.716Z"}
{"code":"ECONNREFUSED","level":"error","message":"RabbitMQ connection error:","service":"user-service","stack":"AggregateError [ECONNREFUSED]: \n    at internalConnectMultiple (node:net:1193:18)\n    at afterConnectMultiple (node:net:1783:7)","timestamp":"2026-08-18T05:28:17.735Z"}
{"code":"ECONNREFUSED","level":"error","message":"RabbitMQ connection error:","service":"user-service","stack":"AggregateError [ECONNREFUSED]: \n    at internalConnectMultiple (node:net:1193:18)\n    at afterConnectMultiple (node:net:1783:7)","timestamp":"2026-08-18T05:28:22.747Z"}
{"code":"ECONNREFUSED","level":"error","message":"RabbitMQ connection error:","service":"user-service","stack":"AggregateError [ECONNREFUSED]: \n    at internalConnectMultiple (node:net:1193:18)\n    at afterConnectMultiple (node:net:1783:7)","timestamp":"2026-08-18T05:28:27.761Z"}
{"code":"ECONNREFUSED","level":"error","message":"RabbitMQ connection error:","service":"user-service","stack":"AggregateError [ECONNREFUSED]: \n    at internalConnectMultiple (node:net:1193:18)\n    at afterConnectMultiple (node:net:1783:7)","timestamp":"2026-08-18T05:28:32.780Z"}
{"code":"ECONNREFUSED","level":"error","message":"RabbitMQ connection error:","service":"user-service","stack":"AggregateError [ECONNREFUSED]: \n    at internalConnectMultiple (node:net:1193:18)\n    at afterConnectMultiple (node:net:1783:7)","timestamp":"2026-08-18T05:28:37.803Z"}
{"code":"ECONNREFUSED","level":"error","message":"RabbitMQ connection error:","service":"user-service","stack":"AggregateError [ECONNREFUSED]: \n    at internalConnectMultiple (node:net:1193:18)\n    at afterConnectMultiple (node:net:1783:7)","timestamp":"2026-08-18T05:28:42.816Z"}
{"code":"ECONNREFUSED","level":"error","message":"RabbitMQ connection error:","service":"user-service","stack":"AggregateError [ECONNREFUSED]: \n    at internalConnectMultiple (node:net:1193:18)\n    at afterConnectMultiple (node:net:1783:7)","timestamp":"2026-08-18T05:28:47.832Z"}
{"code":"ECONNREFUSED","level":"error","message":"RabbitMQ connection error:","service":"user-service","stack":"AggregateError [ECONNREFUSED]: \n    at internalConnectMultiple (node:net:1193:18)\n    at afterConnectMultiple (node:net:1783:7)","timestamp":"2026-08-18T05:28:52.847Z"}
{"code":"ECONNREFUSED","level":"error","message":"RabbitMQ connection error:","service":"user-service","stack":"AggregateError [ECONNREFUSED]: \n    at internalConnectMultiple (node:net:1193:18)\n    at afterConnectMultiple (node:net:1783:7)","timestamp":"2026-08-18T05:28:57.861Z"}
{"code":"ECONNREFUSED","level":"error","message":"RabbitMQ connection error:","service":"user-service","stack":"AggregateError [ECONNREFUSED]: \n    at internalConnectMultiple (node:net:1193:18)\n    at afterConnectMultiple (node:net:1783:7)","timestamp":"2026-08-18T05:29:02.870Z"}
{"code":"ECONNREFUSED","level":"error","message":"RabbitMQ connection error:","service":"user-service","stack":"AggregateError [ECONNREFUSED]: \n    at internalConnectMultiple (node:net:1193:18)\n    at afterConnectMultiple (node:net:1783:7)","timestamp":"2026-08-18T05:29:07.879Z"}
{"code":"ECONNREFUSED","level":"error","message":"RabbitMQ connection error:","service":"user-service","stack":"AggregateError [ECONNREFUSED]: \n    at internalConnectMultiple (node:net:1193:18)\n    at afterConnectMultiple (node:net:1783:7)","timestamp":"2026-08-18T05:29:12.896Z"}
{"code":"ECONNREFUSED","level":"error","message":"RabbitMQ connection error:","service":"user-service","stack":"AggregateError [ECONNREFUSED]: \n    at internalConnectMultiple (node:net:1193:18)\n    at afterConnectMultiple (node:net:1783:7)","timestamp":"2026-08-18T05:29:17.909Z"}
{"code":"ECONNREFUSED","level":"error","message":"RabbitMQ connection error:","service":"user-service","stack":"AggregateError [ECONNREFUSED]: \n    at internalConnectMultiple (node:net:1193:18)\n    at afterConnectMultiple (node:net:1783:7)","timestamp":"2026-08-18T05:29:22.919Z"}
{"code":"ECONNREFUSED","level":"error","message":"RabbitMQ connection error:","service":"user-service","stack":"AggregateError [ECONNREFUSED]: \n    at internalConnectMultiple (node:net:1193:18)\n    at afterConnectMultiple (node:net:1783:7)","timestamp":"2026-08-18T05:29:27.943Z"}
{"code":"ECONNREFUSED","level":"error","message":"RabbitMQ connection error:","service":"user-service","stack":"AggregateError [ECONNREFUSED]: \n    at internalConnectMultiple (node:net:1193:18)\n    at afterConnectMultiple (node:net:1783:7)","timestamp":"2026-08-18T05:29:32.962Z"}
{"code":"ECONNREFUSED","level":"error","message":"RabbitMQ connection error:","service":"user-service","stack":"AggregateError [ECONNREFUSED]: \n    at internalConnectMultiple (node:net:1193:18)\n    at afterConnectMultiple (node:net:1783:7)","timestamp":"2026-08-18T05:29:37.979Z"}
{"code":"ECONNREFUSED","level":"error","message":"RabbitMQ connection error:","service":"user-service","stack":"AggregateError [ECONNREFUSED]: \n    at internalConnectMultiple (node:net:1193:18)\n    at afterConnectMultiple (node:net:1783:7)","timestamp":"2026-08-18T05:29:42.987Z"}
{"code":"ECONNREFUSED","level":"error","message":"RabbitMQ connection error:","service":"user-service","stack":"AggregateError [ECONNREFUSED]: \n    at internalConnectMultiple (node:net:1193:18)\n    at afterConnectMultiple (node:net:1783:7)","timestamp":"2026-08-18T05:29:47.992Z"}
{"code":"ECONNREFUSED","level":"error","message":"RabbitMQ connection error:","service":"user-service","stack":"AggregateError [ECONNREFUSED]: \n    at internalConnectMultiple (node:net:1193:18)\n    at afterConnectMultiple (node:net:1783:7)","timestamp":"2026-08-18T05:29:53.010Z"}
{"code":"ECONNREFUSED","level":"error","message":"RabbitMQ connection error:","service":"user-service","stack":"AggregateError [ECONNREFUSED]: \n    at internalConnectMultiple (node:net:1193:18)\n    at afterConnectMultiple (node:net:1783:7)","timestamp":"2026-08-18T05:29:58.031Z"}
{"code":"ECONNREFUSED","level":"error","message":"RabbitMQ connection error:","service":"user-service","stack":"AggregateError [ECONNREFUSED]: \n    at internalConnectMultiple (node:net:1193:18)\n    at afterConnectMultiple (node:net:1783:7)","timestamp":"2026-08-18T05:30:03.037Z"}
{"code":"ECONNREFUSED","level":"error","message":"RabbitMQ connection error:","service":"user-service","stack":"AggregateError [ECONNREFUSED]: \n    at internalConnectMultiple (node:net:1193:18)\n    at afterConnectMultiple (node:net:1783:7)","timestamp":"2026-08-18T05:30:08.043Z"}
{"code":"ECONNREFUSED","level":"error","message":"RabbitMQ connection error:","service":"user-service","stack":"AggregateError [ECONNREFUSED]: \n    at internalConnectMultiple (node:net:1193:18)\n    at afterConnectMultiple (node:net:1783:7)","timestamp":"2026-08-18T05:30:13.060Z"}
{"code":"ECONNREFUSED","level":"error","message":"RabbitMQ connection error:","service":"user-service","stack":"AggregateError [ECONNREFUSED]: \n    at internalConnectMultiple (node:net:1193:18)\n    at afterConnectMultiple (node:net:1783:7)","timestamp":"2026-08-18T05:30:18.069Z"}
{"code":"ECONNREFUSED","level":"error","message":"RabbitMQ connection error:","service":"user-service","stack":"AggregateError [ECONNREFUSED]: \n    at internalConnectMultiple (node:net:1193:18)\n    at afterConnectMultiple (node:net:1783:7)","timestamp":"2026-08-18T05:30:23.081Z"}
{"code":"ECONNREFUSED","level":"error","message":"RabbitMQ connection error:","service":"user-service","stack":"AggregateError [ECONNREFUSED]: \n    at internalConnectMultiple (node:net:1193:18)\n    at afterConnectMultiple (node:net:1783:7)","timestamp":"2026-08-18T05:30:28.099Z"}
{"level":"info","message":"User Service connected to MongoDB","service":"user-service","timestamp":"2026-08-18T05:30:33.128Z"}
{"code":"ECONNREFUSED","level":"error","message":"RabbitMQ connection error:","service":"user-service","stack":"AggregateError [ECONNREFUSED]: \n    at internalConnectMultiple (node:net:1193:18)\n    at afterConnectMultiple (node:net:1783:7)","timestamp":"2026-08-18T05:30:33.143Z"}
{"level":"info","message":"User Service running on port 3001","service":"user-service","timestamp":"2026-08-18T05:30:33.149Z"}
{"code":"ECONNREFUSED","level":"error","message":"RabbitMQ connection error:","service":"user-service","stack":"AggregateError [ECONNREFUSED]: \n    at internalConnectMultiple (node:net:1193:18)\n    at afterConnectMultiple (node:net:1783:7)","timestamp":"2026-08-18T05:30:38.157Z"}
{"code":"ECONNREFUSED","level":"error","message":"RabbitMQ connection error:","service":"user-service","stack":"AggregateError [ECONNREFUSED]: \n    at internalConnectMultiple (node:net:1193:18)\n    at afterConnectMultiple (node:net:1783:7)","timestamp":"2026-08-18T05:30:43.179Z"}
{"code":"ECONNREFUSED","level":"error","message":"RabbitMQ connection error:","service":"user-service","stack":"AggregateError [ECONNREFUSED]: \n    at internalConnectMultiple (node:net:1193:18)\n    at afterConnectMultiple (node:net:1783:7)","timestamp":"2026-08-18T05:30:48.187Z"}
{"code":"ECONNREFUSED","level":"error","message":"RabbitMQ connection error:","service":"user-service","stack":"AggregateError [ECONNREFUSED]: \n    at internalConnectMultiple (node:net:1193:18)\n    at afterConnectMultiple (node:net:1783:7)","timestamp":"2026-08-18T05:30:53.201Z"}
{"code":"ECONNREFUSED","level":"error","message":"RabbitMQ connection error:","service":"user-service","stack":"AggregateError [ECONNREFUSED]: \n    at internalConnectMultiple (node:net:1193:18)\n    at afterConnectMultiple (node:net:1783:7)","timestamp":"2026-08-18T05:30:58.211Z"}
{"code":"ECONNREFUSED","level":"error","message":"RabbitMQ connection error:","service":"user-service","stack":"AggregateError [ECONNREFUSED]: \n    at internalConnectMultiple (node:net:1193:18)\n    at afterConnectMultiple (node:net:1783:7)","timestamp":"2026-08-18T05:31:03.236Z"}
{"code":"ECONNREFUSED","level":"error","message":"RabbitMQ connection error:","service":"user-service","stack":"AggregateError [ECONNREFUSED]: \n    at internalConnectMultiple (node:net:1193:18)\n    at afterConnectMultiple (node:net:1783:7)","timestamp":"2026-08-18T05:31:08.259Z"}
{"code":"ECONNREFUSED","level":"error","message":"RabbitMQ connection error:","service":"user-service","stack":"AggregateError [ECONNREFUSED]: \n    at internalConnectMultiple (node:net:1193:18)\n    at afterConnectMultiple (node:net:1783:7)","timestamp":"2026-08-18T05:31:13.268Z"}
{"code":"ECONNREFUSED","level":"error","message":"RabbitMQ connection error:","service":"user-service","stack":"AggregateError [ECONNREFUSED]: \n    at internalConnectMultiple (node:net:1193:18)\n    at afterConnectMultiple (node:net:1783:7)","timestamp":"2026-08-18T05:31:18.280Z"}
{"code":"ECONNREFUSED","level":"error","message":"RabbitMQ connection error:","service":"user-service","stack":"AggregateError [ECONNREFUSED]: \n    at internalConnectMultiple (node:net:1193:18)\n    at afterConnectMultiple (node:net:1783:7)","timestamp":"2026-08-18T05:31:23.298Z"}
{"code":"ECONNREFUSED","level":"error","message":"RabbitMQ connection error:","service":"user-service","stack":"AggregateError [ECONNREFUSED]: \n    at internalConnectMultiple (node:net:1193:18)\n    at afterConnectMultiple (node:net:1783:7)","timestamp":"2026-08-18T05:31:28.314Z"}
{"code":"ECONNREFUSED","level":"error","message":"RabbitMQ connection error:","service":"user-service","stack":"AggregateError [ECONNREFUSED]: \n    at internalConnectMultiple (node:net:1193:18)\n    at afterConnectMultiple (node:net:1783:7)","timestamp":"2026-08-18T05:31:33.329Z"}
{"code":"ECONNREFUSED","level":"error","message":"RabbitMQ connection error:","service":"user-service","stack":"AggregateError [ECONNREFUSED]: \n    at internalConnectMultiple (node:net:1193:18)\n    at afterConnectMultiple (node:net:1783:7)","timestamp":"2026-08-18T05:31:38.334Z"}
{"code":"ECONNREFUSED","level":"error","message":"RabbitMQ connection error:","service":"user-service","stack":"AggregateError [ECONNREFUSED]: \n    at internalConnectMultiple (node:net:1193:18)\n    at afterConnectMultiple (node:net:1783:7)","timestamp":"2026-08-18T05:31:43.339Z"}
{"code":"ECONNREFUSED","level":"error","message":"RabbitMQ connection error:","service":"user-service","stack":"AggregateError [ECONNREFUSED]: \n    at internalConnectMultiple (node:net:1193:18)\n    at afterConnectMultiple (node:net:1783:7)","timestamp":"2026-08-18T05:31:48.356Z"}
{"code":"ECONNREFUSED","level":"error","message":"RabbitMQ connection error:","service":"user-service","stack":"AggregateError [ECONNREFUSED]: \n    at internalConnectMultiple (node:net:1193:18)\n    at afterConnectMultiple (node:net:1783:7)","timestamp":"2026-08-18T05:31:53.367Z"}
{"code":"ECONNREFUSED","level":"error","message":"RabbitMQ connection error:","service":"user-service","stack":"AggregateError [ECONNREFUSED]: \n    at internalConnectMultiple (node:net:1193:18)\n    at afterConnectMultiple (node:net:1783:7)","timestamp":"2026-08-18T05:31:58.413Z"}
{"code":"ECONNREFUSED","level":"error","message":"RabbitMQ connection error:","service":"user-service","stack":"AggregateError [ECONNREFUSED]: \n    at internalConnectMultiple (node:net:1193:18)\n    at afterConnectMultiple (node:net:1783:7)","timestamp":"2026-08-18T05:32:03.424Z"}
{"code":"ECONNREFUSED","level":"error","message":"RabbitMQ connection error:","service":"user-service","stack":"AggregateError [ECONNREFUSED]: \n    at internalConnectMultiple (node:net:1193:18)\n    at afterConnectMultiple (node:net:1783:7)","timestamp":"2026-08-18T05:32:08.446Z"}
{"code":"ECONNREFUSED","level":"error","message":"RabbitMQ connection error:","service":"user-service","stack":"AggregateError [ECONNREFUSED]: \n    at internalConnectMultiple (node:net:1193:18)\n    at afterConnectMultiple (node:net:1783:7)","timestamp":"2026-08-18T05:32:13.459Z"}
{"code":"ECONNREFUSED","level":"error","message":"RabbitMQ connection error:","service":"user-service","stack":"AggregateError [ECONNREFUSED]: \n    at internalConnectMultiple (node:net:1193:18)\n    at afterConnectMultiple (node:net:1783:7)","timestamp":"2026-08-18T05:32:18.465Z"}
{"code":"ECONNREFUSED","level":"error","message":"RabbitMQ connection error:","service":"user-service","stack":"AggregateError [ECONNREFUSED]: \n    at internalConnectMultiple (node:net:1193:18)\n    at afterConnectMultiple (node:net:1783:7)","timestamp":"2026-08-18T05:32:23.470Z"}
{"code":"ECONNREFUSED","level":"error","message":"RabbitMQ connection error:","service":"user-service","stack":"AggregateError [ECONNREFUSED]: \n    at internalConnectMultiple (node:net:1193:18)\n    at afterConnectMultiple (node:net:1783:7)","timestamp":"2026-08-18T05:32:28.488Z"}
{"code":"ECONNREFUSED","level":"error","message":"RabbitMQ connection error:","service":"user-service","stack":"AggregateError [ECONNREFUSED]: \n    at internalConnectMultiple (node:net:1193:18)\n    at afterConnectMultiple (node:net:1783:7)","timestamp":"2026-08-18T05:32:33.501Z"}
{"code":"ECONNREFUSED","level":"error","message":"RabbitMQ connection error:","service":"user-service","stack":"AggregateError [ECONNREFUSED]: \n    at internalConnectMultiple (node:net:1193:18)\n    at afterConnectMultiple (node:net:1783:7)","timestamp":"2026-08-18T05:32:38.512Z"}
{"code":"ECONNREFUSED","level":"error","message":"RabbitMQ connection error:","service":"user-service","stack":"AggregateError [ECONNREFUSED]: \n    at internalConnectMultiple (node:net:1193:18)\n    at afterConnectMultiple (node:net:1783:7)","timestamp":"2026-08-18T05:32:43.521Z"}
{"code":"ECONNREFUSED","level":"error","message":"RabbitMQ connection error:","service":"user-service","stack":"AggregateError [ECONNREFUSED]: \n    at internalConnectMultiple (node:net:1193:18)\n    at afterConnectMultiple (node:net:1783:7)","timestamp":"2026-08-18T05:32:48.544Z"}
{"code":"ECONNREFUSED","level":"error","message":"RabbitMQ connection error:","service":"user-service","stack":"AggregateError [ECONNREFUSED]: \n    at internalConnectMultiple (node:net:1193:18)\n    at afterConnectMultiple (node:net:1783:7)","timestamp":"2026-08-18T05:32:53.555Z"}
{"code":"ECONNREFUSED","level":"error","message":"RabbitMQ connection error:","service":"user-service","stack":"AggregateError [ECONNREFUSED]: \n    at internalConnectMultiple (node:net:1193:18)\n    at afterConnectMultiple (node:net:1783:7)","timestamp":"2026-08-18T05:32:58.571Z"}
{"code":"ECONNREFUSED","level":"error","message":"RabbitMQ connection error:","service":"user-service","stack":"AggregateError [ECONNREFUSED]: \n    at internalConnectMultiple (node:net:1193:18)\n    at afterConnectMultiple (node:net:1783:7)","timestamp":"2026-08-18T05:33:03.591Z"}
{"code":"ECONNREFUSED","level":"error","message":"RabbitMQ connection error:","service":"user-service","stack":"AggregateError [ECONNREFUSED]: \n    at internalConnectMultiple (node:net:1193:18)\n    at afterConnectMultiple (node:net:1783:7)","timestamp":"2026-08-18T05:33:08.594Z"}
{"code":"ECONNREFUSED","level":"error","message":"RabbitMQ connection error:","service":"user-service","stack":"AggregateError [ECONNREFUSED]: \n    at internalConnectMultiple (node:net:1193:18)\n    at afterConnectMultiple (node:net:1783:7)","timestamp":"2026-08-18T05:33:13.609Z"}
{"code":"ECONNREFUSED","level":"error","message":"RabbitMQ connection error:","service":"user-service","stack":"AggregateError [ECONNREFUSED]: \n    at internalConnectMultiple (node:net:1193:18)\n    at afterConnectMultiple (node:net:1783:7)","timestamp":"2026-08-18T05:33:18.615Z"}
{"code":"ECONNREFUSED","level":"error","message":"RabbitMQ connection error:","service":"user-service","stack":"AggregateError [ECONNREFUSED]: \n    at internalConnectMultiple (node:net:1193:18)\n    at afterConnectMultiple (node:net:1783:7)","timestamp":"2026-08-18T05:33:23.624Z"}
{"code":"ECONNREFUSED","level":"error","message":"RabbitMQ connection error:","service":"user-service","stack":"AggregateError [ECONNREFUSED]: \n    at internalConnectMultiple (node:net:1193:18)\n    at afterConnectMultiple (node:net:1783:7)","timestamp":"2026-08-18T05:33:28.644Z"}
{"code":"ECONNREFUSED","level":"error","message":"RabbitMQ connection error:","service":"user-service","stack":"AggregateError [ECONNREFUSED]: \n    at internalConnectMultiple (node:net:1193:18)\n    at afterConnectMultiple (node:net:1783:7)","timestamp":"2026-08-18T05:33:33.662Z"}
{"code":"ECONNREFUSED","level":"error","message":"RabbitMQ connection error:","service":"user-service","stack":"AggregateError [ECONNREFUSED]: \n    at internalConnectMultiple (node:net:1193:18)\n    at afterConnectMultiple (node:net:1783:7)","timestamp":"2026-08-18T05:33:38.681Z"}
{"code":"ECONNREFUSED","level":"error","message":"RabbitMQ connection error:","service":"user-service","stack":"AggregateError [ECONNREFUSED]: \n    at internalConnectMultiple (node:net:1193:18)\n    at afterConnectMultiple (node:net:1783:7)","timestamp":"2026-08-18T05:33:43.698Z"}
{"code":"ECONNREFUSED","level":"error","message":"RabbitMQ connection error:","service":"user-service","stack":"AggregateError [ECONNREFUSED]: \n    at internalConnectMultiple (node:net:1193:18)\n    at afterConnectMultiple (node:net:1783:7)","timestamp":"2026-08-18T05:33:48.708Z"}
{"code":"ECONNREFUSED","level":"error","message":"RabbitMQ connection error:","service":"user-service","stack":"AggregateError [ECONNREFUSED]: \n    at internalConnectMultiple (node:net:1193:18)\n    at afterConnectMultiple (node:net:1783:7)","timestamp":"2026-08-18T05:33:53.725Z"}
{"code":"ECONNREFUSED","level":"error","message":"RabbitMQ connection error:","service":"user-service","stack":"AggregateError [ECONNREFUSED]: \n    at internalConnectMultiple (node:net:1193:18)\n    at afterConnectMultiple (node:net:1783:7)","timestamp":"2026-08-18T05:33:58.734Z"}
{"code":"ECONNREFUSED","level":"error","message":"RabbitMQ connection error:","service":"user-service","stack":"AggregateError [ECONNREFUSED]: \n    at internalConnectMultiple (node:net:1193:18)\n    at afterConnectMultiple (node:net:1783:7)","timestamp":"2026-08-18T05:34:03.755Z"}
{"code":"ECONNREFUSED","level":"error","message":"RabbitMQ connection error:","service":"user-service","stack":"AggregateError [ECONNREFUSED]: \n    at internalConnectMultiple (node:net:1193:18)\n    at afterConnectMultiple (node:net:1783:7)","timestamp":"2026-08-18T05:34:08.774Z"}
{"code":"ECONNREFUSED","level":"error","message":"RabbitMQ connection error:","service":"user-service","stack":"AggregateError [ECONNREFUSED]: \n    at internalConnectMultiple (node:net:1193:18)\n    at afterConnectMultiple (node:net:1783:7)","timestamp":"2026-08-18T05:34:13.780Z"}
{"code":"ECONNREFUSED","level":"error","message":"RabbitMQ connection error:","service":"user-service","stack":"AggregateError [ECONNREFUSED]: \n    at internalConnectMultiple (node:net:1193:18)\n    at afterConnectMultiple (node:net:1783:7)","timestamp":"2026-08-18T05:34:18.785Z"}
{"code":"ECONNREFUSED","level":"error","message":"RabbitMQ connection error:","service":"user-service","stack":"AggregateError [ECONNREFUSED]: \n    at internalConnectMultiple (node:net:1193:18)\n    at afterConnectMultiple (node:net:1783:7)","timestamp":"2026-08-18T05:34:23.794Z"}
{"code":"ECONNREFUSED","level":"error","message":"RabbitMQ connection error:","service":"user-service","stack":"AggregateError [ECONNREFUSED]: \n    at internalConnectMultiple (node:net:1193:18)\n    at afterConnectMultiple (node:net:1783:7)","timestamp":"2026-08-18T05:34:28.804Z"}
{"code":"ECONNREFUSED","level":"error","message":"RabbitMQ connection error:","service":"user-service","stack":"AggregateError [ECONNREFUSED]: \n    at internalConnectMultiple (node:net:1193:18)\n    at afterConnectMultiple (node:net:1783:7)","timestamp":"2026-08-18T05:34:33.816Z"}
{"code":"ECONNREFUSED","level":"error","message":"RabbitMQ connection error:","service":"user-service","stack":"AggregateError [ECONNREFUSED]: \n    at internalConnectMultiple (node:net:1193:18)\n    at afterConnectMultiple (node:net:1783:7)","timestamp":"2026-08-18T05:34:38.832Z"}
{"code":"ECONNREFUSED","level":"error","message":"RabbitMQ connection error:","service":"user-service","stack":"AggregateError [ECONNREFUSED]: \n    at internalConnectMultiple (node:net:1193:18)\n    at afterConnectMultiple (node:net:1783:7)","timestamp":"2026-08-18T05:34:43.841Z"}
{"code":"ECONNREFUSED","level":"error","message":"RabbitMQ connection error:","service":"user-service","stack":"AggregateError [ECONNREFUSED]: \n    at internalConnectMultiple (node:net:1193:18)\n    at afterConnectMultiple (node:net:1783:7)","timestamp":"2026-08-18T05:34:48.852Z"}
{"code":"ECONNREFUSED","level":"error","message":"RabbitMQ connection error:","service":"user-service","stack":"AggregateError [ECONNREFUSED]: \n    at internalConnectMultiple (node:net:1193:18)\n    at afterConnectMultiple (node:net:1783:7)","timestamp":"2026-08-18T05:34:53.858Z"}
{"code":"ECONNREFUSED","level":"error","message":"RabbitMQ connection error:","service":"user-service","stack":"AggregateError [ECONNREFUSED]: \n    at internalConnectMultiple (node:net:1193:18)\n    at afterConnectMultiple (node:net:1783:7)","timestamp":"2026-08-18T05:34:58.869Z"}
{"code":"ECONNREFUSED","level":"error","message":"RabbitMQ connection error:","service":"user-service","stack":"AggregateError [ECONNREFUSED]: \n    at internalConnectMultiple (node:net:1193:18)\n    at afterConnectMultiple (node:net:1783:7)","timestamp":"2026-08-18T05:35:03.885Z"}
{"code":"ECONNREFUSED","level":"error","message":"RabbitMQ connection error:","service":"user-service","stack":"AggregateError [ECONNREFUSED]: \n    at internalConnectMultiple (node:net:1193:18)\n    at afterConnectMultiple (node:net:1783:7)","timestamp":"2026-08-18T05:35:08.889Z"}
{"code":"ECONNREFUSED","level":"error","message":"RabbitMQ connection error:","service":"user-service","stack":"AggregateError [ECONNREFUSED]: \n    at internalConnectMultiple (node:net:1193:18)\n    at afterConnectMultiple (node:net:1783:7)","timestamp":"2026-08-18T05:35:13.903Z"}
{"code":"ECONNREFUSED","level":"error","message":"RabbitMQ connection error:","service":"user-service","stack":"AggregateError [ECONNREFUSED]: \n    at internalConnectMultiple (node:net:1193:18)\n    at afterConnectMultiple (node:net:1783:7)","timestamp":"2026-08-18T05:35:18.914Z"}
{"code":"ECONNREFUSED","level":"error","message":"RabbitMQ connection error:","service":"user-service","stack":"AggregateError [ECONNREFUSED]: \n    at internalConnectMultiple (node:net:1193:18)\n    at afterConnectMultiple (node:net:1783:7)","timestamp":"2026-08-18T05:35:23.921Z"}
{"code":"ECONNREFUSED","level":"error","message":"RabbitMQ connection error:","service":"user-service","stack":"AggregateError [ECONNREFUSED]: \n    at internalConnectMultiple (node:net:1193:18)\n    at afterConnectMultiple (node:net:1783:7)","timestamp":"2026-08-18T05:35:28.937Z"}
{"code":"ECONNREFUSED","level":"error","message":"RabbitMQ connection error:","service":"user-service","stack":"AggregateError [ECONNREFUSED]: \n    at internalConnectMultiple (node:net:1193:18)\n    at afterConnectMultiple (node:net:1783:7)","timestamp":"2026-08-18T05:35:33.942Z"}
{"code":"ECONNREFUSED","level":"error","message":"RabbitMQ connection error:","service":"user-service","stack":"AggregateError [ECONNREFUSED]: \n    at internalConnectMultiple (node:net:1193:18)\n    at afterConnectMultiple (node:net:1783:7)","timestamp":"2026-08-18T05:35:38.951Z"}
{"code":"ECONNREFUSED","level":"error","message":"RabbitMQ connection error:","service":"user-service","stack":"AggregateError [ECONNREFUSED]: \n    at internalConnectMultiple (node:net:1193:18)\n    at afterConnectMultiple (node:net:1783:7)","timestamp":"2026-08-18T05:35:43.975Z"}
{"code":"ECONNREFUSED","level":"error","message":"RabbitMQ connection error:","service":"user-service","stack":"AggregateError [ECONNREFUSED]: \n    at internalConnectMultiple (node:net:1193:18)\n    at afterConnectMultiple (node:net:1783:7)","timestamp":"2026-08-18T05:35:48.981Z"}
{"code":"ECONNREFUSED","level":"error","message":"RabbitMQ connection error:","service":"user-service","stack":"AggregateError [ECONNREFUSED]: \n    at internalConnectMultiple (node:net:1193:18)\n    at afterConnectMultiple (node:net:1783:7)","timestamp":"2026-08-18T05:35:53.989Z"}
{"code":"ECONNREFUSED","level":"error","message":"RabbitMQ connection error:","service":"user-service","stack":"AggregateError [ECONNREFUSED]: \n    at internalConnectMultiple (node:net:1193:18)\n    at afterConnectMultiple (node:net:1783:7)","timestamp":"2026-08-18T05:35:59.010Z"}
{"code":"ECONNREFUSED","level":"error","message":"RabbitMQ connection error:","service":"user-service","stack":"AggregateError [ECONNREFUSED]: \n    at internalConnectMultiple (node:net:1193:18)\n    at afterConnectMultiple (node:net:1783:7)","timestamp":"2026-08-18T05:36:04.022Z"}
{"code":"ECONNREFUSED","level":"error","message":"RabbitMQ connection error:","service":"user-service","stack":"AggregateError [ECONNREFUSED]: \n    at internalConnectMultiple (node:net:1193:18)\n    at afterConnectMultiple (node:net:1783:7)","timestamp":"2026-08-18T05:36:09.033Z"}
{"code":"ECONNREFUSED","level":"error","message":"RabbitMQ connection error:","service":"user-service","stack":"AggregateError [ECONNREFUSED]: \n    at internalConnectMultiple (node:net:1193:18)\n    at afterConnectMultiple (node:net:1783:7)","timestamp":"2026-08-18T05:36:14.042Z"}
{"code":"ECONNREFUSED","level":"error","message":"RabbitMQ connection error:","service":"user-service","stack":"AggregateError [ECONNREFUSED]: \n    at internalConnectMultiple (node:net:1193:18)\n    at afterConnectMultiple (node:net:1783:7)","timestamp":"2026-08-18T05:36:19.048Z"}
{"code":"ECONNREFUSED","level":"error","message":"RabbitMQ connection error:","service":"user-service","stack":"AggregateError [ECONNREFUSED]: \n    at internalConnectMultiple (node:net:1193:18)\n    at afterConnectMultiple (node:net:1783:7)","timestamp":"2026-08-18T05:36:24.064Z"}
{"code":"ECONNREFUSED","level":"error","message":"RabbitMQ connection error:","service":"user-service","stack":"AggregateError [ECONNREFUSED]: \n    at internalConnectMultiple (node:net:1193:18)\n    at afterConnectMultiple (node:net:1783:7)","timestamp":"2026-08-18T05:36:29.069Z"}
{"code":"ECONNREFUSED","level":"error","message":"RabbitMQ connection error:","service":"user-service","stack":"AggregateError [ECONNREFUSED]: \n    at internalConnectMultiple (node:net:1193:18)\n    at afterConnectMultiple (node:net:1783:7)","timestamp":"2026-08-18T05:36:34.077Z"}
{"code":"ECONNREFUSED","level":"error","message":"RabbitMQ connection error:","service":"user-service","stack":"AggregateError [ECONNREFUSED]: \n    at internalConnectMultiple (node:net:1193:18)\n    at afterConnectMultiple (node:net:1783:7)","timestamp":"2026-08-18T05:36:39.090Z"}
{"code":"ECONNREFUSED","level":"error","message":"RabbitMQ connection error:","service":"user-service","stack":"AggregateError [ECONNREFUSED]: \n    at internalConnectMultiple (node:net:1193:18)\n    at afterConnectMultiple (node:net:1783:7)","timestamp":"2026-08-18T05:36:44.101Z"}
{"code":"ECONNREFUSED","level":"error","message":"RabbitMQ connection error:","service":"user-service","stack":"AggregateError [ECONNREFUSED]: \n    at internalConnectMultiple (node:net:1193:18)\n    at afterConnectMultiple (node:net:1783:7)","timestamp":"2026-08-18T05:36:49.120Z"}
{"code":"ECONNREFUSED","level":"error","message":"RabbitMQ connection error:","service":"user-service","stack":"AggregateError [ECONNREFUSED]: \n    at internalConnectMultiple (node:net:1193:18)\n    at afterConnectMultiple (node:net:1783:7)","timestamp":"2026-08-18T05:36:54.129Z"}
{"code":"ECONNREFUSED","level":"error","message":"RabbitMQ connection error:","service":"user-service","stack":"AggregateError [ECONNREFUSED]: \n    at internalConnectMultiple (node:net:1193:18)\n    at afterConnectMultiple (node:net:1783:7)","timestamp":"2026-08-18T05:36:59.135Z"}
{"code":"ECONNREFUSED","level":"error","message":"RabbitMQ connection error:","service":"user-service","stack":"AggregateError [ECONNREFUSED]: \n    at internalConnectMultiple (node:net:1193:18)\n    at afterConnectMultiple (node:net:1783:7)","timestamp":"2026-08-18T05:37:04.157Z"}
{"code":"ECONNREFUSED","level":"error","message":"RabbitMQ connection error:","service":"user-service","stack":"AggregateError [ECONNREFUSED]: \n    at internalConnectMultiple (node:net:1193:18)\n    at afterConnectMultiple (node:net:1783:7)","timestamp":"2026-08-18T05:37:09.172Z"}
{"code":"ECONNREFUSED","level":"error","message":"RabbitMQ connection error:","service":"user-service","stack":"AggregateError [ECONNREFUSED]: \n    at internalConnectMultiple (node:net:1193:18)\n    at afterConnectMultiple (node:net:1783:7)","timestamp":"2026-08-18T05:37:14.177Z"}
{"code":"ECONNREFUSED","level":"error","message":"RabbitMQ connection error:","service":"user-service","stack":"AggregateError [ECONNREFUSED]: \n    at internalConnectMultiple (node:net:1193:18)\n    at afterConnectMultiple (node:net:1783:7)","timestamp":"2026-08-18T05:37:19.196Z"}
{"code":"ECONNREFUSED","level":"error","message":"RabbitMQ connection error:","service":"user-service","stack":"AggregateError [ECONNREFUSED]: \n    at internalConnectMultiple (node:net:1193:18)\n    at afterConnectMultiple (node:net:1783:7)","timestamp":"2026-08-18T05:37:24.205Z"}
{"code":"ECONNREFUSED","level":"error","message":"RabbitMQ connection error:","service":"user-service","stack":"AggregateError [ECONNREFUSED]: \n    at internalConnectMultiple (node:net:1193:18)\n    at afterConnectMultiple (node:net:1783:7)","timestamp":"2026-08-18T05:37:29.212Z"}
{"code":"ECONNREFUSED","level":"error","message":"RabbitMQ connection error:","service":"user-service","stack":"AggregateError [ECONNREFUSED]: \n    at internalConnectMultiple (node:net:1193:18)\n    at afterConnectMultiple (node:net:1783:7)","timestamp":"2026-08-18T05:37:34.226Z"}
{"code":"ECONNREFUSED","level":"error","message":"RabbitMQ connection error:","service":"user-service","stack":"AggregateError [ECONNREFUSED]: \n    at internalConnectMultiple (node:net:1193:18)\n    at afterConnectMultiple (node:net:1783:7)","timestamp":"2026-08-18T05:37:39.238Z"}
{"code":"ECONNREFUSED","level":"error","message":"RabbitMQ connection error:","service":"user-service","stack":"AggregateError [ECONNREFUSED]: \n    at internalConnectMultiple (node:net:1193:18)\n    at afterConnectMultiple (node:net:1783:7)","timestamp":"2026-08-18T05:37:44.255Z"}
{"code":"ECONNREFUSED","level":"error","message":"RabbitMQ connection error:","service":"user-service","stack":"AggregateError [ECONNREFUSED]: \n    at internalConnectMultiple (node:net:1193:18)\n    at afterConnectMultiple (node:net:1783:7)","timestamp":"2026-08-18T05:37:49.261Z"}
{"code":"ECONNREFUSED","level":"error","message":"RabbitMQ connection error:","service":"user-service","stack":"AggregateError [ECONNREFUSED]: \n    at internalConnectMultiple (node:net:1193:18)\n    at afterConnectMultiple (node:net:1783:7)","timestamp":"2026-08-18T05:37:54.273Z"}
{"code":"ECONNREFUSED","level":"error","message":"RabbitMQ connection error:","service":"user-service","stack":"AggregateError [ECONNREFUSED]: \n    at internalConnectMultiple (node:net:1193:18)\n    at afterConnectMultiple (node:net:1783:7)","timestamp":"2026-08-18T05:37:59.278Z"}
{"code":"ECONNREFUSED","level":"error","message":"RabbitMQ connection error:","service":"user-service","stack":"AggregateError [ECONNREFUSED]: \n    at internalConnectMultiple (node:net:1193:18)\n    at afterConnectMultiple (node:net:1783:7)","timestamp":"2026-08-18T05:38:04.284Z"}
{"code":"ECONNREFUSED","level":"error","message":"RabbitMQ connection error:","service":"user-service","stack":"AggregateError [ECONNREFUSED]: \n    at internalConnectMultiple (node:net:1193:18)\n    at afterConnectMultiple (node:net:1783:7)","timestamp":"2026-08-18T05:38:09.296Z"}
{"code":"ECONNREFUSED","level":"error","message":"RabbitMQ connection error:","service":"user-service","stack":"AggregateError [ECONNREFUSED]: \n    at internalConnectMultiple (node:net:1193:18)\n    at afterConnectMultiple (node:net:1783:7)","timestamp":"2026-08-18T05:38:14.303Z"}
{"code":"ECONNREFUSED","level":"error","message":"RabbitMQ connection error:","service":"user-service","stack":"AggregateError [ECONNREFUSED]: \n    at internalConnectMultiple (node:net:1193:18)\n    at afterConnectMultiple (node:net:1783:7)","timestamp":"2026-08-18T05:38:19.320Z"}
{"code":"ECONNREFUSED","level":"error","message":"RabbitMQ connection error:","service":"user-service","stack":"AggregateError [ECONNREFUSED]: \n    at internalConnectMultiple (node:net:1193:18)\n    at afterConnectMultiple (node:net:1783:7)","timestamp":"2026-08-18T05:38:24.334Z"}
{"code":"ECONNREFUSED","level":"error","message":"RabbitMQ connection error:","service":"user-service","stack":"AggregateError [ECONNREFUSED]: \n    at internalConnectMultiple (node:net:1193:18)\n    at afterConnectMultiple (node:net:1783:7)","timestamp":"2026-08-18T05:38:29.355Z"}
{"code":"ECONNREFUSED","level":"error","message":"RabbitMQ connection error:","service":"user-service","stack":"AggregateError [ECONNREFUSED]: \n    at internalConnectMultiple (node:net:1193:18)\n    at afterConnectMultiple (node:net:1783:7)","timestamp":"2026-08-18T05:38:34.371Z"}
{"code":"ECONNREFUSED","level":"error","message":"RabbitMQ connection error:","service":"user-service","stack":"AggregateError [ECONNREFUSED]: \n    at internalConnectMultiple (node:net:1193:18)\n    at afterConnectMultiple (node:net:1783:7)","timestamp":"2026-08-18T05:38:39.382Z"}
{"code":"ECONNREFUSED","level":"error","message":"RabbitMQ connection error:","service":"user-service","stack":"AggregateError [ECONNREFUSED]: \n    at internalConnectMultiple (node:net:1193:18)\n    at afterConnectMultiple (node:net:1783:7)","timestamp":"2026-08-18T05:38:44.398Z"}
{"code":"ECONNREFUSED","level":"error","message":"RabbitMQ connection error:","service":"user-service","stack":"AggregateError [ECONNREFUSED]: \n    at internalConnectMultiple (node:net:1193:18)\n    at afterConnectMultiple (node:net:1783:7)","timestamp":"2026-08-18T05:38:49.410Z"}
{"code":"ECONNREFUSED","level":"error","message":"RabbitMQ connection error:","service":"user-service","stack":"AggregateError [ECONNREFUSED]: \n    at internalConnectMultiple (node:net:1193:18)\n    at afterConnectMultiple (node:net:1783:7)","timestamp":"2026-08-18T05:38:54.422Z"}
{"code":"ECONNREFUSED","level":"error","message":"RabbitMQ connection error:","service":"user-service","stack":"AggregateError [ECONNREFUSED]: \n    at internalConnectMultiple (node:net:1193:18)\n    at afterConnectMultiple (node:net:1783:7)","timestamp":"2026-08-18T05:38:59.446Z"}
{"code":"ECONNREFUSED","level":"error","message":"RabbitMQ connection error:","service":"user-service","stack":"AggregateError [ECONNREFUSED]: \n    at internalConnectMultiple (node:net:1193:18)\n    at afterConnectMultiple (node:net:1783:7)","timestamp":"2026-08-18T05:39:04.465Z"}
{"code":"ECONNREFUSED","level":"error","message":"RabbitMQ connection error:","service":"user-service","stack":"AggregateError [ECONNREFUSED]: \n    at internalConnectMultiple (node:net:1193:18)\n    at afterConnectMultiple (node:net:1783:7)","timestamp":"2026-08-18T05:39:09.488Z"}
{"code":"ECONNREFUSED","level":"error","message":"RabbitMQ connection error:","service":"user-service","stack":"AggregateError [ECONNREFUSED]: \n    at internalConnectMultiple (node:net:1193:18)\n    at afterConnectMultiple (node:net:1783:7)","timestamp":"2026-08-18T05:39:14.498Z"}
{"code":"ECONNREFUSED","level":"error","message":"RabbitMQ connection error:","service":"user-service","stack":"AggregateError [ECONNREFUSED]: \n    at internalConnectMultiple (node:net:1193:18)\n    at afterConnectMultiple (node:net:1783:7)","timestamp":"2026-08-18T05:39:19.517Z"}
{"code":"ECONNREFUSED","level":"error","message":"RabbitMQ connection error:","service":"user-service","stack":"AggregateError [ECONNREFUSED]: \n    at internalConnectMultiple (node:net:1193:18)\n    at afterConnectMultiple (node:net:1783:7)","timestamp":"2026-08-18T05:39:24.530Z"}
{"code":"ECONNREFUSED","level":"error","message":"RabbitMQ connection error:","service":"user-service","stack":"AggregateError [ECONNREFUSED]: \n    at internalConnectMultiple (node:net:1193:18)\n    at afterConnectMultiple (node:net:1783:7)","timestamp":"2026-08-18T05:39:29.534Z"}
{"code":"ECONNREFUSED","level":"error","message":"RabbitMQ connection error:","service":"user-service","stack":"AggregateError [ECONNREFUSED]: \n    at internalConnectMultiple (node:net:1193:18)\n    at afterConnectMultiple (node:net:1783:7)","timestamp":"2026-08-18T05:39:34.543Z"}
{"code":"ECONNREFUSED","level":"error","message":"RabbitMQ connection error:","service":"user-service","stack":"AggregateError [ECONNREFUSED]: \n    at internalConnectMultiple (node:net:1193:18)\n    at afterConnectMultiple (node:net:1783:7)","timestamp":"2026-08-18T05:39:39.556Z"}
{"code":"ECONNREFUSED","level":"error","message":"RabbitMQ connection error:","service":"user-service","stack":"AggregateError [ECONNREFUSED]: \n    at internalConnectMultiple (node:net:1193:18)\n    at afterConnectMultiple (node:net:1783:7)","timestamp":"2026-08-18T05:39:44.569Z"}
{"code":"ECONNREFUSED","level":"error","message":"RabbitMQ connection error:","service":"user-service","stack":"AggregateError [ECONNREFUSED]: \n    at internalConnectMultiple (node:net:1193:18)\n    at afterConnectMultiple (node:net:1783:7)","timestamp":"2026-08-18T05:39:49.586Z"}
{"code":"ECONNREFUSED","level":"error","message":"RabbitMQ connection error:","service":"user-service","stack":"AggregateError [ECONNREFUSED]: \n    at internalConnectMultiple (node:net:1193:18)\n    at afterConnectMultiple (node:net:1783:7)","timestamp":"2026-08-18T05:39:54.608Z"}
{"code":"ECONNREFUSED","level":"error","message":"RabbitMQ connection error:","service":"user-service","stack":"AggregateError [ECONNREFUSED]: \n    at internalConnectMultiple (node:net:1193:18)\n    at afterConnectMultiple (node:net:1783:7)","timestamp":"2026-08-18T05:39:59.618Z"}
{"code":"ECONNREFUSED","level":"error","message":"RabbitMQ connection error:","service":"user-service","stack":"AggregateError [ECONNREFUSED]: \n    at internalConnectMultiple (node:net:1193:18)\n    at afterConnectMultiple (node:net:1783:7)","timestamp":"2026-08-18T05:40:04.633Z"}
{"code":"ECONNREFUSED","level":"error","message":"RabbitMQ connection error:","service":"user-service","stack":"AggregateError [ECONNREFUSED]: \n    at internalConnectMultiple (node:net:1193:18)\n    at afterConnectMultiple (node:net:1783:7)","timestamp":"2026-08-18T05:40:09.654Z"}
{"code":"ECONNREFUSED","level":"error","message":"RabbitMQ connection error:","service":"user-service","stack":"AggregateError [ECONNREFUSED]: \n    at internalConnectMultiple (node:net:1193:18)\n    at afterConnectMultiple (node:net:1783:7)","timestamp":"2026-08-18T05:40:14.670Z"}
{"code":"ECONNREFUSED","level":"error","message":"RabbitMQ connection error:","service":"user-service","stack":"AggregateError [ECONNREFUSED]: \n    at internalConnectMultiple (node:net:1193:18)\n    at afterConnectMultiple (node:net:1783:7)","timestamp":"2026-08-18T05:40:19.687Z"}
{"code":"ECONNREFUSED","level":"error","message":"RabbitMQ connection error:","service":"user-service","stack":"AggregateError [ECONNREFUSED]: \n    at internalConnectMultiple (node:net:1193:18)\n    at afterConnectMultiple (node:net:1783:7)","timestamp":"2026-08-18T05:40:24.704Z"}
{"code":"ECONNREFUSED","level":"error","message":"RabbitMQ connection error:","service":"user-service","stack":"AggregateError [ECONNREFUSED]: \n    at internalConnectMultiple (node:net:1193:18)\n    at afterConnectMultiple (node:net:1783:7)","timestamp":"2026-08-18T05:40:29.722Z"}
{"code":"ECONNREFUSED","level":"error","message":"RabbitMQ connection error:","service":"user-service","stack":"AggregateError [ECONNREFUSED]: \n    at internalConnectMultiple (node:net:1193:18)\n    at afterConnectMultiple (node:net:1783:7)","timestamp":"2026-08-18T05:40:34.739Z"}
{"code":"ECONNREFUSED","level":"error","message":"RabbitMQ connection error:","service":"user-service","stack":"AggregateError [ECONNREFUSED]: \n    at internalConnectMultiple (node:net:1193:18)\n    at afterConnectMultiple (node:net:1783:7)","timestamp":"2026-08-18T05:40:39.752Z"}
{"code":"ECONNREFUSED","level":"error","message":"RabbitMQ connection error:","service":"user-service","stack":"AggregateError [ECONNREFUSED]: \n    at internalConnectMultiple (node:net:1193:18)\n    at afterConnectMultiple (node:net:1783:7)","timestamp":"2026-08-18T05:40:44.761Z"}
{"code":"ECONNREFUSED","level":"error","message":"RabbitMQ connection error:","service":"user-service","stack":"AggregateError [ECONNREFUSED]: \n    at internalConnectMultiple (node:net:1193:18)\n    at afterConnectMultiple (node:net:1783:7)","timestamp":"2026-08-18T05:40:49.769Z"}
{"code":"ECONNREFUSED","level":"error","message":"RabbitMQ connection error:","service":"user-service","stack":"AggregateError [ECONNREFUSED]: \n    at internalConnectMultiple (node:net:1193:18)\n    at afterConnectMultiple (node:net:1783:7)","timestamp":"2026-08-18T05:40:54.781Z"}
{"code":"ECONNREFUSED","level":"error","message":"RabbitMQ connection error:","service":"user-service","stack":"AggregateError [ECONNREFUSED]: \n    at internalConnectMultiple (node:net:1193:18)\n    at afterConnectMultiple (node:net:1783:7)","timestamp":"2026-08-18T05:40:59.791Z"}
{"code":"ECONNREFUSED","level":"error","message":"RabbitMQ connection error:","service":"user-service","stack":"AggregateError [ECONNREFUSED]: \n    at internalConnectMultiple (node:net:1193:18)\n    at afterConnectMultiple (node:net:1783:7)","timestamp":"2026-08-18T05:41:04.823Z"}
{"code":"ECONNREFUSED","level":"error","message":"RabbitMQ connection error:","service":"user-service","stack":"AggregateError [ECONNREFUSED]: \n    at internalConnectMultiple (node:net:1193:18)\n    at afterConnectMultiple (node:net:1783:7)","timestamp":"2026-08-18T05:41:09.827Z"}
{"code":"ECONNREFUSED","level":"error","message":"RabbitMQ connection error:","service":"user-service","stack":"AggregateError [ECONNREFUSED]: \n    at internalConnectMultiple (node:net:1193:18)\n    at afterConnectMultiple (node:net:1783:7)","timestamp":"2026-08-18T05:41:14.837Z"}
{"code":"ECONNREFUSED","level":"error","message":"RabbitMQ connection error:","service":"user-service","stack":"AggregateError [ECONNREFUSED]: \n    at internalConnectMultiple (node:net:1193:18)\n    at afterConnectMultiple (node:net:1783:7)","timestamp":"2026-08-18T05:41:19.848Z"}
{"code":"ECONNREFUSED","level":"error","message":"RabbitMQ connection error:","service":"user-service","stack":"AggregateError [ECONNREFUSED]: \n    at internalConnectMultiple (node:net:1193:18)\n    at afterConnectMultiple (node:net:1783:7)","timestamp":"2026-08-18T05:41:24.864Z"}
{"code":"ECONNREFUSED","level":"error","message":"RabbitMQ connection error:","service":"user-service","stack":"AggregateError [ECONNREFUSED]: \n    at internalConnectMultiple (node:net:1193:18)\n    at afterConnectMultiple (node:net:1783:7)","timestamp":"2026-08-18T05:41:29.883Z"}
{"code":"ECONNREFUSED","level":"error","message":"RabbitMQ connection error:","service":"user-service","stack":"AggregateError [ECONNREFUSED]: \n    at internalConnectMultiple (node:net:1193:18)\n    at afterConnectMultiple (node:net:1783:7)","timestamp":"2026-08-18T05:41:34.894Z"}
{"code":"ECONNREFUSED","level":"error","message":"RabbitMQ connection error:","service":"user-service","stack":"AggregateError [ECONNREFUSED]: \n    at internalConnectMultiple (node:net:1193:18)\n    at afterConnectMultiple (node:net:1783:7)","timestamp":"2026-08-18T05:41:39.910Z"}
{"code":"ECONNREFUSED","level":"error","message":"RabbitMQ connection error:","service":"user-service","stack":"AggregateError [ECONNREFUSED]: \n    at internalConnectMultiple (node:net:1193:18)\n    at afterConnectMultiple (node:net:1783:7)","timestamp":"2026-08-18T05:41:44.919Z"}
{"code":"ECONNREFUSED","level":"error","message":"RabbitMQ connection error:","service":"user-service","stack":"AggregateError [ECONNREFUSED]: \n    at internalConnectMultiple (node:net:1193:18)\n    at afterConnectMultiple (node:net:1783:7)","timestamp":"2026-08-18T05:41:49.943Z"}
{"code":"ECONNREFUSED","level":"error","message":"RabbitMQ connection error:","service":"user-service","stack":"AggregateError [ECONNREFUSED]: \n    at internalConnectMultiple (node:net:1193:18)\n    at afterConnectMultiple (node:net:1783:7)","timestamp":"2026-08-18T05:41:54.966Z"}
{"code":"ECONNREFUSED","level":"error","message":"RabbitMQ connection error:","service":"user-service","stack":"AggregateError [ECONNREFUSED]: \n    at internalConnectMultiple (node:net:1193:18)\n    at afterConnectMultiple (node:net:1783:7)","timestamp":"2026-08-18T05:41:59.986Z"}
{"code":"ECONNREFUSED","level":"error","message":"RabbitMQ connection error:","service":"user-service","stack":"AggregateError [ECONNREFUSED]: \n    at internalConnectMultiple (node:net:1193:18)\n    at afterConnectMultiple (node:net:1783:7)","timestamp":"2026-08-18T05:42:04.990Z"}
{"code":"ECONNREFUSED","level":"error","message":"RabbitMQ connection error:","service":"user-service","stack":"AggregateError [ECONNREFUSED]: \n    at internalConnectMultiple (node:net:1193:18)\n    at afterConnectMultiple (node:net:1783:7)","timestamp":"2026-08-18T05:42:09.996Z"}
{"code":"ECONNREFUSED","level":"error","message":"RabbitMQ connection error:","service":"user-service","stack":"AggregateError [ECONNREFUSED]: \n    at internalConnectMultiple (node:net:1193:18)\n    at afterConnectMultiple (node:net:1783:7)","timestamp":"2026-08-18T05:42:15.006Z"}
{"code":"ECONNREFUSED","level":"error","message":"RabbitMQ connection error:","service":"user-service","stack":"AggregateError [ECONNREFUSED]: \n    at internalConnectMultiple (node:net:1193:18)\n    at afterConnectMultiple (node:net:1783:7)","timestamp":"2026-08-18T05:42:20.023Z"}
{"code":"ECONNREFUSED","level":"error","message":"RabbitMQ connection error:","service":"user-service","stack":"AggregateError [ECONNREFUSED]: \n    at internalConnectMultiple (node:net:1193:18)\n    at afterConnectMultiple (node:net:1783:7)","timestamp":"2026-08-18T05:42:25.035Z"}
{"code":"ECONNREFUSED","level":"error","message":"RabbitMQ connection error:","service":"user-service","stack":"AggregateError [ECONNREFUSED]: \n    at internalConnectMultiple (node:net:1193:18)\n    at afterConnectMultiple (node:net:1783:7)","timestamp":"2026-08-18T05:42:30.040Z"}
{"code":"ECONNREFUSED","level":"error","message":"RabbitMQ connection error:","service":"user-service","stack":"AggregateError [ECONNREFUSED]: \n    at internalConnectMultiple (node:net:1193:18)\n    at afterConnectMultiple (node:net:1783:7)","timestamp":"2026-08-18T05:42:35.046Z"}
{"code":"ECONNREFUSED","level":"error","message":"RabbitMQ connection error:","service":"user-service","stack":"AggregateError [ECONNREFUSED]: \n    at internalConnectMultiple (node:net:1193:18)\n    at afterConnectMultiple (node:net:1783:7)","timestamp":"2026-08-18T05:42:40.054Z"}
{"code":"ECONNREFUSED","level":"error","message":"RabbitMQ connection error:","service":"user-service","stack":"AggregateError [ECONNREFUSED]: \n    at internalConnectMultiple (node:net:1193:18)\n    at afterConnectMultiple (node:net:1783:7)","timestamp":"2026-08-18T05:42:45.082Z"}
{"level":"error","message":"RabbitMQ connection error: Socket closed abruptly during opening handshake","service":"user-service","stack":"Error: Socket closed abruptly during opening handshake\n    at Socket.endWhileOpening (D:\\E\\2nd Sem Full Stack and System Project\\DocterConnect\\services\\user-service\\node_modules\\amqplib\\lib\\connection.js:214:19)\n    at Socket.emit (node:events:521:24)\n    at endReadableNT (node:internal/streams/readable:1744:12)\n    at process.processTicksAndRejections (node:internal/process/task_queues:90:21)","timestamp":"2026-08-18T05:42:50.102Z"}
{"code":"ECONNREFUSED","level":"error","message":"RabbitMQ connection error:","service":"user-service","stack":"AggregateError [ECONNREFUSED]: \n    at internalConnectMultiple (node:net:1193:18)\n    at afterConnectMultiple (node:net:1783:7)","timestamp":"2026-08-18T05:42:55.118Z"}
{"code":"ECONNREFUSED","level":"error","message":"RabbitMQ connection error:","service":"user-service","stack":"AggregateError [ECONNREFUSED]: \n    at internalConnectMultiple (node:net:1193:18)\n    at afterConnectMultiple (node:net:1783:7)","timestamp":"2026-08-18T05:43:00.131Z"}
{"code":"ECONNREFUSED","level":"error","message":"RabbitMQ connection error:","service":"user-service","stack":"AggregateError [ECONNREFUSED]: \n    at internalConnectMultiple (node:net:1193:18)\n    at afterConnectMultiple (node:net:1783:7)","timestamp":"2026-08-18T05:43:05.150Z"}
{"code":"ECONNREFUSED","level":"error","message":"RabbitMQ connection error:","service":"user-service","stack":"AggregateError [ECONNREFUSED]: \n    at internalConnectMultiple (node:net:1193:18)\n    at afterConnectMultiple (node:net:1783:7)","timestamp":"2026-08-18T05:43:10.163Z"}
{"code":"ECONNREFUSED","level":"error","message":"RabbitMQ connection error:","service":"user-service","stack":"AggregateError [ECONNREFUSED]: \n    at internalConnectMultiple (node:net:1193:18)\n    at afterConnectMultiple (node:net:1783:7)","timestamp":"2026-08-18T05:43:15.178Z"}
{"code":"ECONNREFUSED","level":"error","message":"RabbitMQ connection error:","service":"user-service","stack":"AggregateError [ECONNREFUSED]: \n    at internalConnectMultiple (node:net:1193:18)\n    at afterConnectMultiple (node:net:1783:7)","timestamp":"2026-08-18T05:43:20.198Z"}
{"code":"ECONNREFUSED","level":"error","message":"RabbitMQ connection error:","service":"user-service","stack":"AggregateError [ECONNREFUSED]: \n    at internalConnectMultiple (node:net:1193:18)\n    at afterConnectMultiple (node:net:1783:7)","timestamp":"2026-08-18T05:43:25.206Z"}
{"code":"ECONNREFUSED","level":"error","message":"RabbitMQ connection error:","service":"user-service","stack":"AggregateError [ECONNREFUSED]: \n    at internalConnectMultiple (node:net:1193:18)\n    at afterConnectMultiple (node:net:1783:7)","timestamp":"2026-08-18T05:43:30.221Z"}
{"code":"ECONNREFUSED","level":"error","message":"RabbitMQ connection error:","service":"user-service","stack":"AggregateError [ECONNREFUSED]: \n    at internalConnectMultiple (node:net:1193:18)\n    at afterConnectMultiple (node:net:1783:7)","timestamp":"2026-08-18T05:43:35.226Z"}
{"code":"ECONNREFUSED","level":"error","message":"RabbitMQ connection error:","service":"user-service","stack":"AggregateError [ECONNREFUSED]: \n    at internalConnectMultiple (node:net:1193:18)\n    at afterConnectMultiple (node:net:1783:7)","timestamp":"2026-08-18T05:43:40.234Z"}
{"code":"ECONNREFUSED","level":"error","message":"RabbitMQ connection error:","service":"user-service","stack":"AggregateError [ECONNREFUSED]: \n    at internalConnectMultiple (node:net:1193:18)\n    at afterConnectMultiple (node:net:1783:7)","timestamp":"2026-08-18T05:43:45.241Z"}
{"code":"ECONNREFUSED","level":"error","message":"RabbitMQ connection error:","service":"user-service","stack":"AggregateError [ECONNREFUSED]: \n    at internalConnectMultiple (node:net:1193:18)\n    at afterConnectMultiple (node:net:1783:7)","timestamp":"2026-08-18T05:43:50.253Z"}
{"code":"ECONNREFUSED","level":"error","message":"RabbitMQ connection error:","service":"user-service","stack":"AggregateError [ECONNREFUSED]: \n    at internalConnectMultiple (node:net:1193:18)\n    at afterConnectMultiple (node:net:1783:7)","timestamp":"2026-08-18T05:43:55.257Z"}
{"code":"ECONNREFUSED","level":"error","message":"RabbitMQ connection error:","service":"user-service","stack":"AggregateError [ECONNREFUSED]: \n    at internalConnectMultiple (node:net:1193:18)\n    at afterConnectMultiple (node:net:1783:7)","timestamp":"2026-08-18T05:44:00.275Z"}
{"code":"ECONNREFUSED","level":"error","message":"RabbitMQ connection error:","service":"user-service","stack":"AggregateError [ECONNREFUSED]: \n    at internalConnectMultiple (node:net:1193:18)\n    at afterConnectMultiple (node:net:1783:7)","timestamp":"2026-08-18T05:44:05.292Z"}
{"code":"ECONNREFUSED","level":"error","message":"RabbitMQ connection error:","service":"user-service","stack":"AggregateError [ECONNREFUSED]: \n    at internalConnectMultiple (node:net:1193:18)\n    at afterConnectMultiple (node:net:1783:7)","timestamp":"2026-08-18T05:44:10.311Z"}
{"code":"ECONNREFUSED","level":"error","message":"RabbitMQ connection error:","service":"user-service","stack":"AggregateError [ECONNREFUSED]: \n    at internalConnectMultiple (node:net:1193:18)\n    at afterConnectMultiple (node:net:1783:7)","timestamp":"2026-08-18T05:44:15.323Z"}
{"code":"ECONNREFUSED","level":"error","message":"RabbitMQ connection error:","service":"user-service","stack":"AggregateError [ECONNREFUSED]: \n    at internalConnectMultiple (node:net:1193:18)\n    at afterConnectMultiple (node:net:1783:7)","timestamp":"2026-08-18T05:44:20.335Z"}
{"code":"ECONNREFUSED","level":"error","message":"RabbitMQ connection error:","service":"user-service","stack":"AggregateError [ECONNREFUSED]: \n    at internalConnectMultiple (node:net:1193:18)\n    at afterConnectMultiple (node:net:1783:7)","timestamp":"2026-08-18T05:44:25.344Z"}
{"code":"ECONNREFUSED","level":"error","message":"RabbitMQ connection error:","service":"user-service","stack":"AggregateError [ECONNREFUSED]: \n    at internalConnectMultiple (node:net:1193:18)\n    at afterConnectMultiple (node:net:1783:7)","timestamp":"2026-08-18T05:44:30.361Z"}
{"code":"ECONNREFUSED","level":"error","message":"RabbitMQ connection error:","service":"user-service","stack":"AggregateError [ECONNREFUSED]: \n    at internalConnectMultiple (node:net:1193:18)\n    at afterConnectMultiple (node:net:1783:7)","timestamp":"2026-08-18T05:44:35.370Z"}
{"code":"ECONNREFUSED","level":"error","message":"RabbitMQ connection error:","service":"user-service","stack":"AggregateError [ECONNREFUSED]: \n    at internalConnectMultiple (node:net:1193:18)\n    at afterConnectMultiple (node:net:1783:7)","timestamp":"2026-08-18T05:44:40.375Z"}
{"code":"ECONNREFUSED","level":"error","message":"RabbitMQ connection error:","service":"user-service","stack":"AggregateError [ECONNREFUSED]: \n    at internalConnectMultiple (node:net:1193:18)\n    at afterConnectMultiple (node:net:1783:7)","timestamp":"2026-08-18T05:44:45.382Z"}
{"code":"ECONNREFUSED","level":"error","message":"RabbitMQ connection error:","service":"user-service","stack":"AggregateError [ECONNREFUSED]: \n    at internalConnectMultiple (node:net:1193:18)\n    at afterConnectMultiple (node:net:1783:7)","timestamp":"2026-08-18T05:44:50.391Z"}
{"code":"ECONNREFUSED","level":"error","message":"RabbitMQ connection error:","service":"user-service","stack":"AggregateError [ECONNREFUSED]: \n    at internalConnectMultiple (node:net:1193:18)\n    at afterConnectMultiple (node:net:1783:7)","timestamp":"2026-08-18T05:44:55.402Z"}
{"code":"ECONNREFUSED","level":"error","message":"RabbitMQ connection error:","service":"user-service","stack":"AggregateError [ECONNREFUSED]: \n    at internalConnectMultiple (node:net:1193:18)\n    at afterConnectMultiple (node:net:1783:7)","timestamp":"2026-08-18T05:45:00.418Z"}
{"code":"ECONNREFUSED","level":"error","message":"RabbitMQ connection error:","service":"user-service","stack":"AggregateError [ECONNREFUSED]: \n    at internalConnectMultiple (node:net:1193:18)\n    at afterConnectMultiple (node:net:1783:7)","timestamp":"2026-08-18T05:45:05.427Z"}
{"code":"ECONNREFUSED","level":"error","message":"RabbitMQ connection error:","service":"user-service","stack":"AggregateError [ECONNREFUSED]: \n    at internalConnectMultiple (node:net:1193:18)\n    at afterConnectMultiple (node:net:1783:7)","timestamp":"2026-08-18T05:45:10.448Z"}
{"code":"ECONNREFUSED","level":"error","message":"RabbitMQ connection error:","service":"user-service","stack":"AggregateError [ECONNREFUSED]: \n    at internalConnectMultiple (node:net:1193:18)\n    at afterConnectMultiple (node:net:1783:7)","timestamp":"2026-08-18T05:45:15.461Z"}
{"code":"ECONNREFUSED","level":"error","message":"RabbitMQ connection error:","service":"user-service","stack":"AggregateError [ECONNREFUSED]: \n    at internalConnectMultiple (node:net:1193:18)\n    at afterConnectMultiple (node:net:1783:7)","timestamp":"2026-08-18T05:45:20.471Z"}
{"code":"ECONNREFUSED","level":"error","message":"RabbitMQ connection error:","service":"user-service","stack":"AggregateError [ECONNREFUSED]: \n    at internalConnectMultiple (node:net:1193:18)\n    at afterConnectMultiple (node:net:1783:7)","timestamp":"2026-08-18T05:45:25.478Z"}
{"code":"ECONNREFUSED","level":"error","message":"RabbitMQ connection error:","service":"user-service","stack":"AggregateError [ECONNREFUSED]: \n    at internalConnectMultiple (node:net:1193:18)\n    at afterConnectMultiple (node:net:1783:7)","timestamp":"2026-08-18T05:45:30.486Z"}
{"code":"ECONNREFUSED","level":"error","message":"RabbitMQ connection error:","service":"user-service","stack":"AggregateError [ECONNREFUSED]: \n    at internalConnectMultiple (node:net:1193:18)\n    at afterConnectMultiple (node:net:1783:7)","timestamp":"2026-08-18T05:45:35.499Z"}
{"code":"ECONNREFUSED","level":"error","message":"RabbitMQ connection error:","service":"user-service","stack":"AggregateError [ECONNREFUSED]: \n    at internalConnectMultiple (node:net:1193:18)\n    at afterConnectMultiple (node:net:1783:7)","timestamp":"2026-08-18T05:45:40.508Z"}
{"code":"ECONNREFUSED","level":"error","message":"RabbitMQ connection error:","service":"user-service","stack":"AggregateError [ECONNREFUSED]: \n    at internalConnectMultiple (node:net:1193:18)\n    at afterConnectMultiple (node:net:1783:7)","timestamp":"2026-08-18T05:45:45.513Z"}
{"code":"ECONNREFUSED","level":"error","message":"RabbitMQ connection error:","service":"user-service","stack":"AggregateError [ECONNREFUSED]: \n    at internalConnectMultiple (node:net:1193:18)\n    at afterConnectMultiple (node:net:1783:7)","timestamp":"2026-08-18T05:45:50.529Z"}
{"code":"ECONNREFUSED","level":"error","message":"RabbitMQ connection error:","service":"user-service","stack":"AggregateError [ECONNREFUSED]: \n    at internalConnectMultiple (node:net:1193:18)\n    at afterConnectMultiple (node:net:1783:7)","timestamp":"2026-08-18T05:45:55.548Z"}
{"code":"ECONNREFUSED","level":"error","message":"RabbitMQ connection error:","service":"user-service","stack":"AggregateError [ECONNREFUSED]: \n    at internalConnectMultiple (node:net:1193:18)\n    at afterConnectMultiple (node:net:1783:7)","timestamp":"2026-08-18T05:46:00.559Z"}
{"code":"ECONNREFUSED","level":"error","message":"RabbitMQ connection error:","service":"user-service","stack":"AggregateError [ECONNREFUSED]: \n    at internalConnectMultiple (node:net:1193:18)\n    at afterConnectMultiple (node:net:1783:7)","timestamp":"2026-08-18T05:46:05.570Z"}
{"code":"ECONNREFUSED","level":"error","message":"RabbitMQ connection error:","service":"user-service","stack":"AggregateError [ECONNREFUSED]: \n    at internalConnectMultiple (node:net:1193:18)\n    at afterConnectMultiple (node:net:1783:7)","timestamp":"2026-08-18T05:46:10.576Z"}
{"code":"ECONNREFUSED","level":"error","message":"RabbitMQ connection error:","service":"user-service","stack":"AggregateError [ECONNREFUSED]: \n    at internalConnectMultiple (node:net:1193:18)\n    at afterConnectMultiple (node:net:1783:7)","timestamp":"2026-08-18T05:46:15.591Z"}
{"code":"ECONNREFUSED","level":"error","message":"RabbitMQ connection error:","service":"user-service","stack":"AggregateError [ECONNREFUSED]: \n    at internalConnectMultiple (node:net:1193:18)\n    at afterConnectMultiple (node:net:1783:7)","timestamp":"2026-08-18T05:46:20.611Z"}
{"code":"ECONNREFUSED","level":"error","message":"RabbitMQ connection error:","service":"user-service","stack":"AggregateError [ECONNREFUSED]: \n    at internalConnectMultiple (node:net:1193:18)\n    at afterConnectMultiple (node:net:1783:7)","timestamp":"2026-08-18T05:46:25.618Z"}
{"code":"ECONNREFUSED","level":"error","message":"RabbitMQ connection error:","service":"user-service","stack":"AggregateError [ECONNREFUSED]: \n    at internalConnectMultiple (node:net:1193:18)\n    at afterConnectMultiple (node:net:1783:7)","timestamp":"2026-08-18T05:46:30.636Z"}
{"code":"ECONNREFUSED","level":"error","message":"RabbitMQ connection error:","service":"user-service","stack":"AggregateError [ECONNREFUSED]: \n    at internalConnectMultiple (node:net:1193:18)\n    at afterConnectMultiple (node:net:1783:7)","timestamp":"2026-08-18T05:46:35.649Z"}
{"code":"ECONNREFUSED","level":"error","message":"RabbitMQ connection error:","service":"user-service","stack":"AggregateError [ECONNREFUSED]: \n    at internalConnectMultiple (node:net:1193:18)\n    at afterConnectMultiple (node:net:1783:7)","timestamp":"2026-08-18T05:46:40.652Z"}
{"code":"ECONNREFUSED","level":"error","message":"RabbitMQ connection error:","service":"user-service","stack":"AggregateError [ECONNREFUSED]: \n    at internalConnectMultiple (node:net:1193:18)\n    at afterConnectMultiple (node:net:1783:7)","timestamp":"2026-08-18T05:46:45.667Z"}
{"code":"ECONNREFUSED","level":"error","message":"RabbitMQ connection error:","service":"user-service","stack":"AggregateError [ECONNREFUSED]: \n    at internalConnectMultiple (node:net:1193:18)\n    at afterConnectMultiple (node:net:1783:7)","timestamp":"2026-08-18T05:46:50.675Z"}
{"code":"ECONNREFUSED","level":"error","message":"RabbitMQ connection error:","service":"user-service","stack":"AggregateError [ECONNREFUSED]: \n    at internalConnectMultiple (node:net:1193:18)\n    at afterConnectMultiple (node:net:1783:7)","timestamp":"2026-08-18T05:46:55.683Z"}
{"code":"ECONNREFUSED","level":"error","message":"RabbitMQ connection error:","service":"user-service","stack":"AggregateError [ECONNREFUSED]: \n    at internalConnectMultiple (node:net:1193:18)\n    at afterConnectMultiple (node:net:1783:7)","timestamp":"2026-08-18T05:47:00.687Z"}
{"code":"ECONNREFUSED","level":"error","message":"RabbitMQ connection error:","service":"user-service","stack":"AggregateError [ECONNREFUSED]: \n    at internalConnectMultiple (node:net:1193:18)\n    at afterConnectMultiple (node:net:1783:7)","timestamp":"2026-08-18T05:47:05.694Z"}
{"code":"ECONNREFUSED","level":"error","message":"RabbitMQ connection error:","service":"user-service","stack":"AggregateError [ECONNREFUSED]: \n    at internalConnectMultiple (node:net:1193:18)\n    at afterConnectMultiple (node:net:1783:7)","timestamp":"2026-08-18T05:47:10.704Z"}
{"code":"ECONNREFUSED","level":"error","message":"RabbitMQ connection error:","service":"user-service","stack":"AggregateError [ECONNREFUSED]: \n    at internalConnectMultiple (node:net:1193:18)\n    at afterConnectMultiple (node:net:1783:7)","timestamp":"2026-08-18T05:47:15.716Z"}
{"code":"ECONNREFUSED","level":"error","message":"RabbitMQ connection error:","service":"user-service","stack":"AggregateError [ECONNREFUSED]: \n    at internalConnectMultiple (node:net:1193:18)\n    at afterConnectMultiple (node:net:1783:7)","timestamp":"2026-08-18T05:47:20.732Z"}
{"code":"ECONNREFUSED","level":"error","message":"RabbitMQ connection error:","service":"user-service","stack":"AggregateError [ECONNREFUSED]: \n    at internalConnectMultiple (node:net:1193:18)\n    at afterConnectMultiple (node:net:1783:7)","timestamp":"2026-08-18T05:47:25.736Z"}
{"level":"error","message":"RabbitMQ connection error: Socket closed abruptly during opening handshake","service":"user-service","stack":"Error: Socket closed abruptly during opening handshake\n    at Socket.endWhileOpening (D:\\E\\2nd Sem Full Stack and System Project\\DocterConnect\\services\\user-service\\node_modules\\amqplib\\lib\\connection.js:214:19)\n    at Socket.emit (node:events:521:24)\n    at endReadableNT (node:internal/streams/readable:1744:12)\n    at process.processTicksAndRejections (node:internal/process/task_queues:90:21)","timestamp":"2026-08-18T05:47:30.759Z"}
{"level":"error","message":"RabbitMQ connection error: Socket closed abruptly during opening handshake","service":"user-service","stack":"Error: Socket closed abruptly during opening handshake\n    at Socket.endWhileOpening (D:\\E\\2nd Sem Full Stack and System Project\\DocterConnect\\services\\user-service\\node_modules\\amqplib\\lib\\connection.js:214:19)\n    at Socket.emit (node:events:521:24)\n    at endReadableNT (node:internal/streams/readable:1744:12)\n    at process.processTicksAndRejections (node:internal/process/task_queues:90:21)","timestamp":"2026-08-18T05:47:35.771Z"}
{"level":"error","message":"RabbitMQ connection error: Socket closed abruptly during opening handshake","service":"user-service","stack":"Error: Socket closed abruptly during opening handshake\n    at Socket.endWhileOpening (D:\\E\\2nd Sem Full Stack and System Project\\DocterConnect\\services\\user-service\\node_modules\\amqplib\\lib\\connection.js:214:19)\n    at Socket.emit (node:events:521:24)\n    at endReadableNT (node:internal/streams/readable:1744:12)\n    at process.processTicksAndRejections (node:internal/process/task_queues:90:21)","timestamp":"2026-08-18T05:47:40.791Z"}
{"level":"error","message":"RabbitMQ connection error: Handshake terminated by server: 403 (ACCESS-REFUSED) with message \"ACCESS_REFUSED - Login was refused using authentication mechanism PLAIN. For details see the broker logfile.\"","service":"user-service","stack":"Error: Handshake terminated by server: 403 (ACCESS-REFUSED) with message \"ACCESS_REFUSED - Login was refused using authentication mechanism PLAIN. For details see the broker logfile.\"\n    at afterStartOk (D:\\E\\2nd Sem Full Stack and System Project\\DocterConnect\\services\\user-service\\node_modules\\amqplib\\lib\\connection.js:169:16)\n    at D:\\E\\2nd Sem Full Stack and System Project\\DocterConnect\\services\\user-service\\node_modules\\amqplib\\lib\\connection.js:104:11\n    at Socket.recv (D:\\E\\2nd Sem Full Stack and System Project\\DocterConnect\\services\\user-service\\node_modules\\amqplib\\lib\\connection.js:453:9)\n    at Object.onceWrapper (node:events:630:28)\n    at Socket.emit (node:events:509:20)\n    at emitReadable_ (node:internal/streams/readable:846:12)\n    at process.processTicksAndRejections (node:internal/process/task_queues:89:21)","timestamp":"2026-08-18T05:47:45.839Z"}
{"level":"error","message":"RabbitMQ connection error: Handshake terminated by server: 403 (ACCESS-REFUSED) with message \"ACCESS_REFUSED - Login was refused using authentication mechanism PLAIN. For details see the broker logfile.\"","service":"user-service","stack":"Error: Handshake terminated by server: 403 (ACCESS-REFUSED) with message \"ACCESS_REFUSED - Login was refused using authentication mechanism PLAIN. For details see the broker logfile.\"\n    at afterStartOk (D:\\E\\2nd Sem Full Stack and System Project\\DocterConnect\\services\\user-service\\node_modules\\amqplib\\lib\\connection.js:169:16)\n    at D:\\E\\2nd Sem Full Stack and System Project\\DocterConnect\\services\\user-service\\node_modules\\amqplib\\lib\\connection.js:104:11\n    at Socket.recv (D:\\E\\2nd Sem Full Stack and System Project\\DocterConnect\\services\\user-service\\node_modules\\amqplib\\lib\\connection.js:453:9)\n    at Object.onceWrapper (node:events:630:28)\n    at Socket.emit (node:events:509:20)\n    at emitReadable_ (node:internal/streams/readable:846:12)\n    at process.processTicksAndRejections (node:internal/process/task_queues:89:21)","timestamp":"2026-08-18T05:47:50.891Z"}
{"level":"error","message":"RabbitMQ connection error: Handshake terminated by server: 403 (ACCESS-REFUSED) with message \"ACCESS_REFUSED - Login was refused using authentication mechanism PLAIN. For details see the broker logfile.\"","service":"user-service","stack":"Error: Handshake terminated by server: 403 (ACCESS-REFUSED) with message \"ACCESS_REFUSED - Login was refused using authentication mechanism PLAIN. For details see the broker logfile.\"\n    at afterStartOk (D:\\E\\2nd Sem Full Stack and System Project\\DocterConnect\\services\\user-service\\node_modules\\amqplib\\lib\\connection.js:169:16)\n    at D:\\E\\2nd Sem Full Stack and System Project\\DocterConnect\\services\\user-service\\node_modules\\amqplib\\lib\\connection.js:104:11\n    at Socket.recv (D:\\E\\2nd Sem Full Stack and System Project\\DocterConnect\\services\\user-service\\node_modules\\amqplib\\lib\\connection.js:453:9)\n    at Object.onceWrapper (node:events:630:28)\n    at Socket.emit (node:events:509:20)\n    at emitReadable_ (node:internal/streams/readable:846:12)\n    at process.processTicksAndRejections (node:internal/process/task_queues:89:21)","timestamp":"2026-08-18T05:47:55.922Z"}
{"level":"error","message":"RabbitMQ connection error: Handshake terminated by server: 403 (ACCESS-REFUSED) with message \"ACCESS_REFUSED - Login was refused using authentication mechanism PLAIN. For details see the broker logfile.\"","service":"user-service","stack":"Error: Handshake terminated by server: 403 (ACCESS-REFUSED) with message \"ACCESS_REFUSED - Login was refused using authentication mechanism PLAIN. For details see the broker logfile.\"\n    at afterStartOk (D:\\E\\2nd Sem Full Stack and System Project\\DocterConnect\\services\\user-service\\node_modules\\amqplib\\lib\\connection.js:169:16)\n    at D:\\E\\2nd Sem Full Stack and System Project\\DocterConnect\\services\\user-service\\node_modules\\amqplib\\lib\\connection.js:104:11\n    at Socket.recv (D:\\E\\2nd Sem Full Stack and System Project\\DocterConnect\\services\\user-service\\node_modules\\amqplib\\lib\\connection.js:453:9)\n    at Object.onceWrapper (node:events:630:28)\n    at Socket.emit (node:events:509:20)\n    at emitReadable_ (node:internal/streams/readable:846:12)\n    at process.processTicksAndRejections (node:internal/process/task_queues:89:21)","timestamp":"2026-08-18T05:48:00.943Z"}
{"level":"error","message":"RabbitMQ connection error: Handshake terminated by server: 403 (ACCESS-REFUSED) with message \"ACCESS_REFUSED - Login was refused using authentication mechanism PLAIN. For details see the broker logfile.\"","service":"user-service","stack":"Error: Handshake terminated by server: 403 (ACCESS-REFUSED) with message \"ACCESS_REFUSED - Login was refused using authentication mechanism PLAIN. For details see the broker logfile.\"\n    at afterStartOk (D:\\E\\2nd Sem Full Stack and System Project\\DocterConnect\\services\\user-service\\node_modules\\amqplib\\lib\\connection.js:169:16)\n    at D:\\E\\2nd Sem Full Stack and System Project\\DocterConnect\\services\\user-service\\node_modules\\amqplib\\lib\\connection.js:104:11\n    at Socket.recv (D:\\E\\2nd Sem Full Stack and System Project\\DocterConnect\\services\\user-service\\node_modules\\amqplib\\lib\\connection.js:453:9)\n    at Object.onceWrapper (node:events:630:28)\n    at Socket.emit (node:events:509:20)\n    at emitReadable_ (node:internal/streams/readable:846:12)\n    at process.processTicksAndRejections (node:internal/process/task_queues:89:21)","timestamp":"2026-08-18T05:48:05.960Z"}
{"level":"error","message":"RabbitMQ connection error: Handshake terminated by server: 403 (ACCESS-REFUSED) with message \"ACCESS_REFUSED - Login was refused using authentication mechanism PLAIN. For details see the broker logfile.\"","service":"user-service","stack":"Error: Handshake terminated by server: 403 (ACCESS-REFUSED) with message \"ACCESS_REFUSED - Login was refused using authentication mechanism PLAIN. For details see the broker logfile.\"\n    at afterStartOk (D:\\E\\2nd Sem Full Stack and System Project\\DocterConnect\\services\\user-service\\node_modules\\amqplib\\lib\\connection.js:169:16)\n    at D:\\E\\2nd Sem Full Stack and System Project\\DocterConnect\\services\\user-service\\node_modules\\amqplib\\lib\\connection.js:104:11\n    at Socket.recv (D:\\E\\2nd Sem Full Stack and System Project\\DocterConnect\\services\\user-service\\node_modules\\amqplib\\lib\\connection.js:453:9)\n    at Object.onceWrapper (node:events:630:28)\n    at Socket.emit (node:events:509:20)\n    at emitReadable_ (node:internal/streams/readable:846:12)\n    at process.processTicksAndRejections (node:internal/process/task_queues:89:21)","timestamp":"2026-08-18T05:48:10.986Z"}
{"level":"error","message":"RabbitMQ connection error: Handshake terminated by server: 403 (ACCESS-REFUSED) with message \"ACCESS_REFUSED - Login was refused using authentication mechanism PLAIN. For details see the broker logfile.\"","service":"user-service","stack":"Error: Handshake terminated by server: 403 (ACCESS-REFUSED) with message \"ACCESS_REFUSED - Login was refused using authentication mechanism PLAIN. For details see the broker logfile.\"\n    at afterStartOk (D:\\E\\2nd Sem Full Stack and System Project\\DocterConnect\\services\\user-service\\node_modules\\amqplib\\lib\\connection.js:169:16)\n    at D:\\E\\2nd Sem Full Stack and System Project\\DocterConnect\\services\\user-service\\node_modules\\amqplib\\lib\\connection.js:104:11\n    at Socket.recv (D:\\E\\2nd Sem Full Stack and System Project\\DocterConnect\\services\\user-service\\node_modules\\amqplib\\lib\\connection.js:453:9)\n    at Object.onceWrapper (node:events:630:28)\n    at Socket.emit (node:events:509:20)\n    at emitReadable_ (node:internal/streams/readable:846:12)\n    at process.processTicksAndRejections (node:internal/process/task_queues:89:21)","timestamp":"2026-08-18T05:48:16.027Z"}
{"level":"error","message":"RabbitMQ connection error: Handshake terminated by server: 403 (ACCESS-REFUSED) with message \"ACCESS_REFUSED - Login was refused using authentication mechanism PLAIN. For details see the broker logfile.\"","service":"user-service","stack":"Error: Handshake terminated by server: 403 (ACCESS-REFUSED) with message \"ACCESS_REFUSED - Login was refused using authentication mechanism PLAIN. For details see the broker logfile.\"\n    at afterStartOk (D:\\E\\2nd Sem Full Stack and System Project\\DocterConnect\\services\\user-service\\node_modules\\amqplib\\lib\\connection.js:169:16)\n    at D:\\E\\2nd Sem Full Stack and System Project\\DocterConnect\\services\\user-service\\node_modules\\amqplib\\lib\\connection.js:104:11\n    at Socket.recv (D:\\E\\2nd Sem Full Stack and System Project\\DocterConnect\\services\\user-service\\node_modules\\amqplib\\lib\\connection.js:453:9)\n    at Object.onceWrapper (node:events:630:28)\n    at Socket.emit (node:events:509:20)\n    at emitReadable_ (node:internal/streams/readable:846:12)\n    at process.processTicksAndRejections (node:internal/process/task_queues:89:21)","timestamp":"2026-08-18T05:48:21.072Z"}
{"level":"error","message":"RabbitMQ connection error: Handshake terminated by server: 403 (ACCESS-REFUSED) with message \"ACCESS_REFUSED - Login was refused using authentication mechanism PLAIN. For details see the broker logfile.\"","service":"user-service","stack":"Error: Handshake terminated by server: 403 (ACCESS-REFUSED) with message \"ACCESS_REFUSED - Login was refused using authentication mechanism PLAIN. For details see the broker logfile.\"\n    at afterStartOk (D:\\E\\2nd Sem Full Stack and System Project\\DocterConnect\\services\\user-service\\node_modules\\amqplib\\lib\\connection.js:169:16)\n    at D:\\E\\2nd Sem Full Stack and System Project\\DocterConnect\\services\\user-service\\node_modules\\amqplib\\lib\\connection.js:104:11\n    at Socket.recv (D:\\E\\2nd Sem Full Stack and System Project\\DocterConnect\\services\\user-service\\node_modules\\amqplib\\lib\\connection.js:453:9)\n    at Object.onceWrapper (node:events:630:28)\n    at Socket.emit (node:events:509:20)\n    at emitReadable_ (node:internal/streams/readable:846:12)\n    at process.processTicksAndRejections (node:internal/process/task_queues:89:21)","timestamp":"2026-08-18T05:48:26.113Z"}
{"level":"error","message":"RabbitMQ connection error: Handshake terminated by server: 403 (ACCESS-REFUSED) with message \"ACCESS_REFUSED - Login was refused using authentication mechanism PLAIN. For details see the broker logfile.\"","service":"user-service","stack":"Error: Handshake terminated by server: 403 (ACCESS-REFUSED) with message \"ACCESS_REFUSED - Login was refused using authentication mechanism PLAIN. For details see the broker logfile.\"\n    at afterStartOk (D:\\E\\2nd Sem Full Stack and System Project\\DocterConnect\\services\\user-service\\node_modules\\amqplib\\lib\\connection.js:169:16)\n    at D:\\E\\2nd Sem Full Stack and System Project\\DocterConnect\\services\\user-service\\node_modules\\amqplib\\lib\\connection.js:104:11\n    at Socket.recv (D:\\E\\2nd Sem Full Stack and System Project\\DocterConnect\\services\\user-service\\node_modules\\amqplib\\lib\\connection.js:453:9)\n    at Object.onceWrapper (node:events:630:28)\n    at Socket.emit (node:events:509:20)\n    at emitReadable_ (node:internal/streams/readable:846:12)\n    at process.processTicksAndRejections (node:internal/process/task_queues:89:21)","timestamp":"2026-08-18T05:48:31.141Z"}
{"level":"error","message":"RabbitMQ connection error: Handshake terminated by server: 403 (ACCESS-REFUSED) with message \"ACCESS_REFUSED - Login was refused using authentication mechanism PLAIN. For details see the broker logfile.\"","service":"user-service","stack":"Error: Handshake terminated by server: 403 (ACCESS-REFUSED) with message \"ACCESS_REFUSED - Login was refused using authentication mechanism PLAIN. For details see the broker logfile.\"\n    at afterStartOk (D:\\E\\2nd Sem Full Stack and System Project\\DocterConnect\\services\\user-service\\node_modules\\amqplib\\lib\\connection.js:169:16)\n    at D:\\E\\2nd Sem Full Stack and System Project\\DocterConnect\\services\\user-service\\node_modules\\amqplib\\lib\\connection.js:104:11\n    at Socket.recv (D:\\E\\2nd Sem Full Stack and System Project\\DocterConnect\\services\\user-service\\node_modules\\amqplib\\lib\\connection.js:453:9)\n    at Object.onceWrapper (node:events:630:28)\n    at Socket.emit (node:events:509:20)\n    at emitReadable_ (node:internal/streams/readable:846:12)\n    at process.processTicksAndRejections (node:internal/process/task_queues:89:21)","timestamp":"2026-08-18T05:48:36.172Z"}
{"level":"error","message":"RabbitMQ connection error: Handshake terminated by server: 403 (ACCESS-REFUSED) with message \"ACCESS_REFUSED - Login was refused using authentication mechanism PLAIN. For details see the broker logfile.\"","service":"user-service","stack":"Error: Handshake terminated by server: 403 (ACCESS-REFUSED) with message \"ACCESS_REFUSED - Login was refused using authentication mechanism PLAIN. For details see the broker logfile.\"\n    at afterStartOk (D:\\E\\2nd Sem Full Stack and System Project\\DocterConnect\\services\\user-service\\node_modules\\amqplib\\lib\\connection.js:169:16)\n    at D:\\E\\2nd Sem Full Stack and System Project\\DocterConnect\\services\\user-service\\node_modules\\amqplib\\lib\\connection.js:104:11\n    at Socket.recv (D:\\E\\2nd Sem Full Stack and System Project\\DocterConnect\\services\\user-service\\node_modules\\amqplib\\lib\\connection.js:453:9)\n    at Object.onceWrapper (node:events:630:28)\n    at Socket.emit (node:events:509:20)\n    at emitReadable_ (node:internal/streams/readable:846:12)\n    at process.processTicksAndRejections (node:internal/process/task_queues:89:21)","timestamp":"2026-08-18T05:48:41.194Z"}
{"level":"error","message":"RabbitMQ connection error: Handshake terminated by server: 403 (ACCESS-REFUSED) with message \"ACCESS_REFUSED - Login was refused using authentication mechanism PLAIN. For details see the broker logfile.\"","service":"user-service","stack":"Error: Handshake terminated by server: 403 (ACCESS-REFUSED) with message \"ACCESS_REFUSED - Login was refused using authentication mechanism PLAIN. For details see the broker logfile.\"\n    at afterStartOk (D:\\E\\2nd Sem Full Stack and System Project\\DocterConnect\\services\\user-service\\node_modules\\amqplib\\lib\\connection.js:169:16)\n    at D:\\E\\2nd Sem Full Stack and System Project\\DocterConnect\\services\\user-service\\node_modules\\amqplib\\lib\\connection.js:104:11\n    at Socket.recv (D:\\E\\2nd Sem Full Stack and System Project\\DocterConnect\\services\\user-service\\node_modules\\amqplib\\lib\\connection.js:453:9)\n    at Object.onceWrapper (node:events:630:28)\n    at Socket.emit (node:events:509:20)\n    at emitReadable_ (node:internal/streams/readable:846:12)\n    at process.processTicksAndRejections (node:internal/process/task_queues:89:21)","timestamp":"2026-08-18T05:48:46.237Z"}
{"level":"error","message":"RabbitMQ connection error: Handshake terminated by server: 403 (ACCESS-REFUSED) with message \"ACCESS_REFUSED - Login was refused using authentication mechanism PLAIN. For details see the broker logfile.\"","service":"user-service","stack":"Error: Handshake terminated by server: 403 (ACCESS-REFUSED) with message \"ACCESS_REFUSED - Login was refused using authentication mechanism PLAIN. For details see the broker logfile.\"\n    at afterStartOk (D:\\E\\2nd Sem Full Stack and System Project\\DocterConnect\\services\\user-service\\node_modules\\amqplib\\lib\\connection.js:169:16)\n    at D:\\E\\2nd Sem Full Stack and System Project\\DocterConnect\\services\\user-service\\node_modules\\amqplib\\lib\\connection.js:104:11\n    at Socket.recv (D:\\E\\2nd Sem Full Stack and System Project\\DocterConnect\\services\\user-service\\node_modules\\amqplib\\lib\\connection.js:453:9)\n    at Object.onceWrapper (node:events:630:28)\n    at Socket.emit (node:events:509:20)\n    at emitReadable_ (node:internal/streams/readable:846:12)\n    at process.processTicksAndRejections (node:internal/process/task_queues:89:21)","timestamp":"2026-08-18T05:48:51.270Z"}
{"level":"error","message":"RabbitMQ connection error: Handshake terminated by server: 403 (ACCESS-REFUSED) with message \"ACCESS_REFUSED - Login was refused using authentication mechanism PLAIN. For details see the broker logfile.\"","service":"user-service","stack":"Error: Handshake terminated by server: 403 (ACCESS-REFUSED) with message \"ACCESS_REFUSED - Login was refused using authentication mechanism PLAIN. For details see the broker logfile.\"\n    at afterStartOk (D:\\E\\2nd Sem Full Stack and System Project\\DocterConnect\\services\\user-service\\node_modules\\amqplib\\lib\\connection.js:169:16)\n    at D:\\E\\2nd Sem Full Stack and System Project\\DocterConnect\\services\\user-service\\node_modules\\amqplib\\lib\\connection.js:104:11\n    at Socket.recv (D:\\E\\2nd Sem Full Stack and System Project\\DocterConnect\\services\\user-service\\node_modules\\amqplib\\lib\\connection.js:453:9)\n    at Object.onceWrapper (node:events:630:28)\n    at Socket.emit (node:events:509:20)\n    at emitReadable_ (node:internal/streams/readable:846:12)\n    at process.processTicksAndRejections (node:internal/process/task_queues:89:21)","timestamp":"2026-08-18T05:48:56.297Z"}
{"level":"error","message":"RabbitMQ connection error: Handshake terminated by server: 403 (ACCESS-REFUSED) with message \"ACCESS_REFUSED - Login was refused using authentication mechanism PLAIN. For details see the broker logfile.\"","service":"user-service","stack":"Error: Handshake terminated by server: 403 (ACCESS-REFUSED) with message \"ACCESS_REFUSED - Login was refused using authentication mechanism PLAIN. For details see the broker logfile.\"\n    at afterStartOk (D:\\E\\2nd Sem Full Stack and System Project\\DocterConnect\\services\\user-service\\node_modules\\amqplib\\lib\\connection.js:169:16)\n    at D:\\E\\2nd Sem Full Stack and System Project\\DocterConnect\\services\\user-service\\node_modules\\amqplib\\lib\\connection.js:104:11\n    at Socket.recv (D:\\E\\2nd Sem Full Stack and System Project\\DocterConnect\\services\\user-service\\node_modules\\amqplib\\lib\\connection.js:453:9)\n    at Object.onceWrapper (node:events:630:28)\n    at Socket.emit (node:events:509:20)\n    at emitReadable_ (node:internal/streams/readable:846:12)\n    at process.processTicksAndRejections (node:internal/process/task_queues:89:21)","timestamp":"2026-08-18T05:49:01.328Z"}
{"level":"error","message":"RabbitMQ connection error: Handshake terminated by server: 403 (ACCESS-REFUSED) with message \"ACCESS_REFUSED - Login was refused using authentication mechanism PLAIN. For details see the broker logfile.\"","service":"user-service","stack":"Error: Handshake terminated by server: 403 (ACCESS-REFUSED) with message \"ACCESS_REFUSED - Login was refused using authentication mechanism PLAIN. For details see the broker logfile.\"\n    at afterStartOk (D:\\E\\2nd Sem Full Stack and System Project\\DocterConnect\\services\\user-service\\node_modules\\amqplib\\lib\\connection.js:169:16)\n    at D:\\E\\2nd Sem Full Stack and System Project\\DocterConnect\\services\\user-service\\node_modules\\amqplib\\lib\\connection.js:104:11\n    at Socket.recv (D:\\E\\2nd Sem Full Stack and System Project\\DocterConnect\\services\\user-service\\node_modules\\amqplib\\lib\\connection.js:453:9)\n    at Object.onceWrapper (node:events:630:28)\n    at Socket.emit (node:events:509:20)\n    at emitReadable_ (node:internal/streams/readable:846:12)\n    at process.processTicksAndRejections (node:internal/process/task_queues:89:21)","timestamp":"2026-08-18T05:49:06.365Z"}
{"level":"error","message":"RabbitMQ connection error: Handshake terminated by server: 403 (ACCESS-REFUSED) with message \"ACCESS_REFUSED - Login was refused using authentication mechanism PLAIN. For details see the broker logfile.\"","service":"user-service","stack":"Error: Handshake terminated by server: 403 (ACCESS-REFUSED) with message \"ACCESS_REFUSED - Login was refused using authentication mechanism PLAIN. For details see the broker logfile.\"\n    at afterStartOk (D:\\E\\2nd Sem Full Stack and System Project\\DocterConnect\\services\\user-service\\node_modules\\amqplib\\lib\\connection.js:169:16)\n    at D:\\E\\2nd Sem Full Stack and System Project\\DocterConnect\\services\\user-service\\node_modules\\amqplib\\lib\\connection.js:104:11\n    at Socket.recv (D:\\E\\2nd Sem Full Stack and System Project\\DocterConnect\\services\\user-service\\node_modules\\amqplib\\lib\\connection.js:453:9)\n    at Object.onceWrapper (node:events:630:28)\n    at Socket.emit (node:events:509:20)\n    at emitReadable_ (node:internal/streams/readable:846:12)\n    at process.processTicksAndRejections (node:internal/process/task_queues:89:21)","timestamp":"2026-08-18T05:49:11.399Z"}
{"level":"error","message":"RabbitMQ connection error: Handshake terminated by server: 403 (ACCESS-REFUSED) with message \"ACCESS_REFUSED - Login was refused using authentication mechanism PLAIN. For details see the broker logfile.\"","service":"user-service","stack":"Error: Handshake terminated by server: 403 (ACCESS-REFUSED) with message \"ACCESS_REFUSED - Login was refused using authentication mechanism PLAIN. For details see the broker logfile.\"\n    at afterStartOk (D:\\E\\2nd Sem Full Stack and System Project\\DocterConnect\\services\\user-service\\node_modules\\amqplib\\lib\\connection.js:169:16)\n    at D:\\E\\2nd Sem Full Stack and System Project\\DocterConnect\\services\\user-service\\node_modules\\amqplib\\lib\\connection.js:104:11\n    at Socket.recv (D:\\E\\2nd Sem Full Stack and System Project\\DocterConnect\\services\\user-service\\node_modules\\amqplib\\lib\\connection.js:453:9)\n    at Object.onceWrapper (node:events:630:28)\n    at Socket.emit (node:events:509:20)\n    at emitReadable_ (node:internal/streams/readable:846:12)\n    at process.processTicksAndRejections (node:internal/process/task_queues:89:21)","timestamp":"2026-08-18T05:49:16.424Z"}
{"level":"error","message":"RabbitMQ connection error: Handshake terminated by server: 403 (ACCESS-REFUSED) with message \"ACCESS_REFUSED - Login was refused using authentication mechanism PLAIN. For details see the broker logfile.\"","service":"user-service","stack":"Error: Handshake terminated by server: 403 (ACCESS-REFUSED) with message \"ACCESS_REFUSED - Login was refused using authentication mechanism PLAIN. For details see the broker logfile.\"\n    at afterStartOk (D:\\E\\2nd Sem Full Stack and System Project\\DocterConnect\\services\\user-service\\node_modules\\amqplib\\lib\\connection.js:169:16)\n    at D:\\E\\2nd Sem Full Stack and System Project\\DocterConnect\\services\\user-service\\node_modules\\amqplib\\lib\\connection.js:104:11\n    at Socket.recv (D:\\E\\2nd Sem Full Stack and System Project\\DocterConnect\\services\\user-service\\node_modules\\amqplib\\lib\\connection.js:453:9)\n    at Object.onceWrapper (node:events:630:28)\n    at Socket.emit (node:events:509:20)\n    at emitReadable_ (node:internal/streams/readable:846:12)\n    at process.processTicksAndRejections (node:internal/process/task_queues:89:21)","timestamp":"2026-08-18T05:49:21.462Z"}
{"level":"error","message":"RabbitMQ connection error: Handshake terminated by server: 403 (ACCESS-REFUSED) with message \"ACCESS_REFUSED - Login was refused using authentication mechanism PLAIN. For details see the broker logfile.\"","service":"user-service","stack":"Error: Handshake terminated by server: 403 (ACCESS-REFUSED) with message \"ACCESS_REFUSED - Login was refused using authentication mechanism PLAIN. For details see the broker logfile.\"\n    at afterStartOk (D:\\E\\2nd Sem Full Stack and System Project\\DocterConnect\\services\\user-service\\node_modules\\amqplib\\lib\\connection.js:169:16)\n    at D:\\E\\2nd Sem Full Stack and System Project\\DocterConnect\\services\\user-service\\node_modules\\amqplib\\lib\\connection.js:104:11\n    at Socket.recv (D:\\E\\2nd Sem Full Stack and System Project\\DocterConnect\\services\\user-service\\node_modules\\amqplib\\lib\\connection.js:453:9)\n    at Object.onceWrapper (node:events:630:28)\n    at Socket.emit (node:events:509:20)\n    at emitReadable_ (node:internal/streams/readable:846:12)\n    at process.processTicksAndRejections (node:internal/process/task_queues:89:21)","timestamp":"2026-08-18T05:49:26.486Z"}
{"level":"error","message":"RabbitMQ connection error: Handshake terminated by server: 403 (ACCESS-REFUSED) with message \"ACCESS_REFUSED - Login was refused using authentication mechanism PLAIN. For details see the broker logfile.\"","service":"user-service","stack":"Error: Handshake terminated by server: 403 (ACCESS-REFUSED) with message \"ACCESS_REFUSED - Login was refused using authentication mechanism PLAIN. For details see the broker logfile.\"\n    at afterStartOk (D:\\E\\2nd Sem Full Stack and System Project\\DocterConnect\\services\\user-service\\node_modules\\amqplib\\lib\\connection.js:169:16)\n    at D:\\E\\2nd Sem Full Stack and System Project\\DocterConnect\\services\\user-service\\node_modules\\amqplib\\lib\\connection.js:104:11\n    at Socket.recv (D:\\E\\2nd Sem Full Stack and System Project\\DocterConnect\\services\\user-service\\node_modules\\amqplib\\lib\\connection.js:453:9)\n    at Object.onceWrapper (node:events:630:28)\n    at Socket.emit (node:events:509:20)\n    at emitReadable_ (node:internal/streams/readable:846:12)\n    at process.processTicksAndRejections (node:internal/process/task_queues:89:21)","timestamp":"2026-08-18T05:49:31.515Z"}
{"level":"error","message":"RabbitMQ connection error: Handshake terminated by server: 403 (ACCESS-REFUSED) with message \"ACCESS_REFUSED - Login was refused using authentication mechanism PLAIN. For details see the broker logfile.\"","service":"user-service","stack":"Error: Handshake terminated by server: 403 (ACCESS-REFUSED) with message \"ACCESS_REFUSED - Login was refused using authentication mechanism PLAIN. For details see the broker logfile.\"\n    at afterStartOk (D:\\E\\2nd Sem Full Stack and System Project\\DocterConnect\\services\\user-service\\node_modules\\amqplib\\lib\\connection.js:169:16)\n    at D:\\E\\2nd Sem Full Stack and System Project\\DocterConnect\\services\\user-service\\node_modules\\amqplib\\lib\\connection.js:104:11\n    at Socket.recv (D:\\E\\2nd Sem Full Stack and System Project\\DocterConnect\\services\\user-service\\node_modules\\amqplib\\lib\\connection.js:453:9)\n    at Object.onceWrapper (node:events:630:28)\n    at Socket.emit (node:events:509:20)\n    at emitReadable_ (node:internal/streams/readable:846:12)\n    at process.processTicksAndRejections (node:internal/process/task_queues:89:21)","timestamp":"2026-08-18T05:49:36.537Z"}
{"level":"info","message":"User Service connected to MongoDB","service":"user-service","timestamp":"2026-08-18T05:49:53.619Z"}
{"level":"info","message":"User Service connected to RabbitMQ","service":"user-service","timestamp":"2026-08-18T05:49:53.687Z"}
{"level":"info","message":"User Service consumers initialized","service":"user-service","timestamp":"2026-08-18T05:49:53.712Z"}
{"level":"info","message":"User Service running on port 3001","service":"user-service","timestamp":"2026-08-18T05:49:53.715Z"}
{"level":"info","message":"User Service connected to MongoDB","service":"user-service","timestamp":"2026-08-18T05:53:22.720Z"}
{"level":"info","message":"User Service connected to RabbitMQ","service":"user-service","timestamp":"2026-08-18T05:53:22.789Z"}
{"level":"info","message":"User Service consumers initialized","service":"user-service","timestamp":"2026-08-18T05:53:22.794Z"}
{"level":"info","message":"User Service running on port 3001","service":"user-service","timestamp":"2026-08-18T05:53:22.796Z"}
{"level":"warn","message":"RabbitMQ connection closed. Reconnecting...","service":"user-service","timestamp":"2026-08-18T05:54:16.387Z"}
{"code":"ECONNREFUSED","level":"error","message":"RabbitMQ connection error:","service":"user-service","stack":"AggregateError [ECONNREFUSED]: \n    at internalConnectMultiple (node:net:1193:18)\n    at afterConnectMultiple (node:net:1783:7)","timestamp":"2026-08-18T05:54:21.406Z"}
{"level":"error","message":"RabbitMQ connection error: Socket closed abruptly during opening handshake","service":"user-service","stack":"Error: Socket closed abruptly during opening handshake\n    at Socket.endWhileOpening (D:\\E\\2nd Sem Full Stack and System Project\\DocterConnect\\services\\user-service\\node_modules\\amqplib\\lib\\connection.js:214:19)\n    at Socket.emit (node:events:521:24)\n    at endReadableNT (node:internal/streams/readable:1744:12)\n    at process.processTicksAndRejections (node:internal/process/task_queues:90:21)","timestamp":"2026-08-18T05:54:26.414Z"}
{"level":"error","message":"RabbitMQ connection error: Socket closed abruptly during opening handshake","service":"user-service","stack":"Error: Socket closed abruptly during opening handshake\n    at Socket.endWhileOpening (D:\\E\\2nd Sem Full Stack and System Project\\DocterConnect\\services\\user-service\\node_modules\\amqplib\\lib\\connection.js:214:19)\n    at Socket.emit (node:events:521:24)\n    at endReadableNT (node:internal/streams/readable:1744:12)\n    at process.processTicksAndRejections (node:internal/process/task_queues:90:21)","timestamp":"2026-08-18T05:54:31.433Z"}
{"level":"info","message":"User Service connected to RabbitMQ","service":"user-service","timestamp":"2026-08-18T05:54:36.488Z"}
{"level":"info","message":"User Service consumers initialized","service":"user-service","timestamp":"2026-08-18T05:54:36.492Z"}
{"level":"info","message":"User Service connected to MongoDB","service":"user-service","timestamp":"2026-08-18T20:02:16.368Z"}
{"level":"info","message":"User Service connected to RabbitMQ","service":"user-service","timestamp":"2026-08-18T20:02:16.470Z"}
{"level":"info","message":"User Service consumers initialized","service":"user-service","timestamp":"2026-08-18T20:02:16.478Z"}
{"level":"info","message":"User Service connected to MongoDB","service":"user-service","timestamp":"2026-08-18T20:05:41.661Z"}
{"level":"info","message":"User Service connected to RabbitMQ","service":"user-service","timestamp":"2026-08-18T20:05:47.644Z"}
{"level":"info","message":"User Service consumers initialized","service":"user-service","timestamp":"2026-08-18T20:05:47.659Z"}
{"level":"info","message":"User Service connected to MongoDB","service":"user-service","timestamp":"2026-08-18T20:21:04.117Z"}
{"level":"info","message":"User Service connected to RabbitMQ","service":"user-service","timestamp":"2026-08-18T20:21:04.184Z"}
{"level":"info","message":"User Service consumers initialized","service":"user-service","timestamp":"2026-08-18T20:21:04.191Z"}
